# timestamp;hostname;version;nRanks;rankNo;durationAssembleBoundaryConditions;n;durationComputeMappingBetweenMeshes;n;durationInitCellml;n;durationMap;n;durationMapFinalize;n;durationMapPrepare;n;durationParaview1D;n;durationParaview1DInit;n;durationParaview2D;n;durationParaview3D;n;durationParaview3DInit;n;durationParaview3DReduction;n;durationParaview3DWrite;n;durationParaviewOutput;n;durationReadGeometry;n;durationSetRightHandSide;n;durationSetStiffnessMatrix;n;durationSolve_activationSolver;n;durationSolve_potentialFlowSolver;n;durationWriteOutput;n;durationWriteOutputExfile;n;durationWriteOutputMegamol;n;durationWriteOutputParaview;n;duration_0D;n;duration_1D;n;duration_bidomain;n;duration_subdomains_xy_init;n;duration_subdomains_z_init;n;duration_total;n;duration_total_advanceTimeSpan1;n;duration_total_advanceTimeSpan2;n;duration_total_transfer12;n;duration_total_transfer21;n;activationSolver_preconditionerType;activationSolver_solverType;currentSimulationTime;dt_0D;dt_1D;dt_3D;dt_splitting;duration_subdomains_xy_n;duration_subdomains_z_n;endTime;exit;implicitSolver_preconditionerType;implicitSolver_solverType;memoryData;memoryPage;memoryResidentSet;memoryVirtual;nInstancesComputedGlobally;nIterations_activationSolver;nIterations_potentialFlowSolver;potentialFlowSolver_preconditionerType;potentialFlowSolver_solverType;residualNorm_activationSolver;residualNorm_potentialFlowSolver;scenarioName;totalUsertime;~nDofs;~nDofs3Dmesh;~nDofsFiber0;~nElements;~nElements3Dmesh;~nElementsFiber0;~nNodes;~nNodes3Dmesh;~nNodesFiber0;nIterationsTotal_activationSolver;nIterationsTotal_potentialFlowSolver;
2019/11/8 11:10:33;neon;opendihu 1.0, build Nov  8 2019 10:50:51, C++ 201402, GCC 5.5.0 20171010;64;0;0.0146117;103;0.140864;100;0.0855896;100;0.405145;4000;0.00275898;40;0.000611067;40;9.34601e-05;40;1.40667e-05;2;5.60284e-05;40;0.78401;40;0.000394344;3;0.000383139;1;0.718182;40;0.784419;40;2.98631;1;1.33514e-05;103;0.167608;103;1.0065;40;0.441235;1;313.453;281;311.819;40;0.848276;80;0.78478;40;144.807;50000;22.005;25000;1.02552;40;0.372698;1;0.168409;1;485.713;1;170.734;40;314.422;40;0.550947;40;0.00299859;40;none;lu;100.000000;0.002;0.004;2.5;0.004;1;100;100;normal;none;cg;1438187520;4096;194236416;2224553984;100;1;10000;none;gmres;0;9.16578e-07;ramp_for_visualization;182.72;1480;13200;1480;1479;11552;1479;1480;13200;1480;40;10000;
2019/11/8 11:10:32;neon;opendihu 1.0, build Nov  8 2019 10:50:51, C++ 201402, GCC 5.5.0 20171010;64;1;0.0146079;93;0.102283;90;0.0874884;90;0.357925;3600;20.7142;40;0.00605202;40;0.000145197;40;9.05991e-06;2;6.07967e-05;40;0.787644;40;0.000619888;3;0.000607014;1;0.718363;40;0.788091;40;3.08456;1;1.07288e-05;93;0.165178;93;0.678941;40;0.441336;1;304.071;261;302.834;40;0.44787;80;0.788497;40;131.651;50000;20.1469;25000;1.02267;40;0.359851;1;0.167966;1;485.474;1;159.557;40;304.729;40;21.1847;40;0.00281692;40;none;lu;100.000000;0.002;0.004;2.5;0.004;1;90;100;normal;none;cg;1416740864;4096;155664384;2203107328;90;1;10000;none;gmres;0;9.16578e-07;ramp_for_visualization;195.02;1480;13200;1479;11552;1480;13200;40;10000;
2019/11/8 11:10:33;neon;opendihu 1.0, build Nov  8 2019 10:50:51, C++ 201402, GCC 5.5.0 20171010;64;2;0.0146015;93;0.112408;90;0.0772917;90;0.359983;3600;18.4443;40;0.00603604;40;0.000133038;40;8.82149e-06;2;6.50883e-05;40;0.787529;40;0.000634909;3;0.000622988;1;0.718478;40;0.787966;40;2.98814;1;1.78814e-05;93;0.163588;93;0.679447;40;0.441194;1;312.723;261;311.421;40;0.513804;80;0.78839;40;130.722;50000;20.1796;25000;1.02429;40;0.335617;1;0.150804;1;485.766;1;153.516;40;313.319;40;18.9273;40;0.00258446;40;none;lu;100.000000;0.002;0.004;2.5;0.004;1;90;100;normal;none;cg;1416757248;4096;155553792;2203123712;90;1;10000;none;gmres;0;9.16578e-07;ramp_for_visualization;187.2;1480;13200;1479;11552;1480;13200;40;10000;
2019/11/8 11:10:33;neon;opendihu 1.0, build Nov  8 2019 10:50:51, C++ 201402, GCC 5.5.0 20171010;64;3;0.0146058;93;0.133629;90;0.0797689;90;0.368888;3600;0.665823;40;0.00597453;40;0.625154;80;1.4782e-05;4;0.144317;80;0.788486;80;0.00105095;6;0.00102997;2;0.839595;80;1.55962;80;2.98001;1;1.3113e-05;93;0.164476;93;0.680355;40;0.441337;1;315.873;301;313.764;40;0.547396;80;1.56056;80;132.656;50000;20.1267;25000;14.4941;40;0.342897;1;0.154719;1;485.719;1;154.631;40;329.906;40;1.17865;40;0.00246954;40;none;lu;100.000000;0.002;0.004;2.5;0.004;1;90;100;normal;none;cg;1416753152;4096;156049408;2203119616;90;1;10000;none;gmres;0;9.16578e-07;ramp_for_visualization;184.67;1480;13200;1479;11552;1480;13200;40;10000;
2019/11/8 11:10:33;neon;opendihu 1.0, build Nov  8 2019 10:50:51, C++ 201402, GCC 5.5.0 20171010;64;4;0.0145886;93;0.104232;90;0.0739775;90;0.374001;3600;12.4605;40;0.00592256;40;0.000141144;40;9.05991e-06;2;6.41346e-05;40;0.787753;40;0.000651836;3;0.000639915;1;0.718593;40;0.788193;40;3.09677;1;1.12057e-05;93;0.16366;93;0.504349;40;0.441195;1;314.619;261;313.379;40;0.451425;80;0.788628;40;135.584;50000;20.1743;25000;1.02202;40;0.333046;1;0.148871;1;485.718;1;157.487;40;315.278;40;12.9491;40;0.00328374;40;none;lu;100.000000;0.002;0.004;2.5;0.004;1;90;100;normal;none;cg;1416720384;4096;155516928;2203086848;90;1;10000;none;gmres;0;9.16578e-07;ramp_for_visualization;184.7;1480;13200;1479;11552;1480;13200;40;10000;
2019/11/8 11:10:32;neon;opendihu 1.0, build Nov  8 2019 10:50:51, C++ 201402, GCC 5.5.0 20171010;64;5;0.0145864;84;0.0844436;81;0.0709076;81;0.351472;3240;37.8082;40;0.00592518;40;0.000125885;40;6.91414e-06;2;6.69956e-05;40;0.787763;40;0.000635862;3;0.000622988;1;0.718601;40;0.788202;40;2.99037;1;7.62939e-06;84;0.161245;84;0.178876;40;0.441288;1;304.282;243;302.627;40;0.864962;80;0.788615;40;122.006;50000;18.4715;25000;1.02226;40;0.305921;1;0.136752;1;485.425;1;142.639;40;304.529;40;38.2537;40;0.00235677;40;none;lu;100.000000;0.002;0.004;2.5;0.004;1;81;100;normal;none;cg;1409015808;4096;149245952;2195382272;81;1;10000;none;gmres;0;9.16578e-07;ramp_for_visualization;194.82;1480;13200;1479;11552;1480;13200;40;10000;
2019/11/8 11:10:33;neon;opendihu 1.0, build Nov  8 2019 10:50:51, C++ 201402, GCC 5.5.0 20171010;64;6;0.014581;84;0.096962;81;0.0653632;81;0.337691;3240;31.633;40;0.00584507;40;0.000119686;40;7.86781e-06;2;6.46114e-05;40;0.787839;40;0.000649691;3;0.000637054;1;0.718632;40;0.788253;40;2.98741;1;7.86781e-06;84;0.160358;84;0.180165;40;0.441323;1;313.263;243;311.617;40;0.857402;80;0.788684;40;120.263;50000;18.4303;25000;1.02247;40;0.294419;1;0.129587;1;485.766;1;140.166;40;313.52;40;32.0764;40;0.0028851;40;none;lu;100.000000;0.002;0.004;2.5;0.004;1;81;100;normal;none;cg;1409028096;4096;148615168;2195394560;81;1;10000;none;gmres;0;9.16578e-07;ramp_for_visualization;186.38;1480;13200;1479;11552;1480;13200;40;10000;
2019/11/8 11:10:33;neon;opendihu 1.0, build Nov  8 2019 10:50:51, C++ 201402, GCC 5.5.0 20171010;64;7;0.0145888;84;0.109802;81;0.069644;81;0.335427;3240;8.79821;40;0.00579047;40;1.01685;80;1.90735e-05;4;0.347061;80;0.788897;80;0.000779867;6;0.000753164;2;0.839656;80;2.15447;80;2.98184;1;1.16825e-05;84;0.160601;84;0.180749;40;0.441337;1;316.017;283;313.162;40;0.698229;80;2.15531;80;121.415;50000;18.4004;25000;14.4157;40;0.305831;1;0.136439;1;485.719;1;146.636;40;329.828;40;9.25208;40;0.00225544;40;none;lu;100.000000;0.002;0.004;2.5;0.004;1;81;100;normal;none;cg;1408991232;4096;148480000;2195357696;81;1;10000;none;gmres;0;9.16578e-07;ramp_for_visualization;185.14;1480;13200;1479;11552;1480;13200;40;10000;
2019/11/8 11:10:33;neon;opendihu 1.0, build Nov  8 2019 10:50:51, C++ 201402, GCC 5.5.0 20171010;64;8;0.0146012;93;0.117633;90;0.0739932;90;0.375024;3600;3.53391;40;0.00572824;40;0.000142574;40;9.05991e-06;2;6.67572e-05;40;0.787678;40;0.000708103;3;0.000695944;1;0.718528;40;0.788117;40;2.99109;1;1.33514e-05;93;0.163475;93;0.49681;40;0.441336;1;314.286;261;313.271;40;0.225868;80;0.788544;40;135.206;50000;20.2234;25000;0.775054;40;0.331646;1;0.147853;1;485.714;1;166.743;40;314.93;40;4.03639;40;0.00273371;40;none;lu;100.000000;0.002;0.004;2.5;0.004;1;90;100;normal;none;cg;1416704000;4096;156028928;2203070464;90;1;10000;none;gmres;0;9.16578e-07;ramp_for_visualization;184.71;1480;13200;1479;11552;1480;13200;40;10000;
2019/11/8 11:10:32;neon;opendihu 1.0, build Nov  8 2019 10:50:51, C++ 201402, GCC 5.5.0 20171010;64;9;0.0145898;84;0.385798;81;0.0667336;81;0.341916;3240;39.5752;40;0.00604916;40;0.000155687;40;7.15256e-06;2;6.38962e-05;40;0.787686;40;0.000650883;3;0.000639915;1;0.7185;40;0.788144;40;2.98875;1;1.40667e-05;84;0.162522;84;0.0432994;40;0.441336;1;304.913;243;303.228;40;0.895454;80;0.788565;40;120.178;50000;18.4044;25000;0.526974;40;0.306817;1;0.133296;1;485.478;1;140.521;40;304.641;40;40.313;40;0.0022893;40;none;lu;100.000000;0.002;0.004;2.5;0.004;1;81;100;normal;none;cg;1409015808;4096;149331968;2195382272;81;1;10000;none;gmres;0;9.16578e-07;ramp_for_visualization;194.7;1480;13200;1479;11552;1480;13200;40;10000;
2019/11/8 11:10:33;neon;opendihu 1.0, build Nov  8 2019 10:50:51, C++ 201402, GCC 5.5.0 20171010;64;10;0.0146098;84;0.710231;81;0.0673249;81;0.342132;3240;30.4459;40;0.00410676;40;0.000157833;40;9.05991e-06;2;6.19888e-05;40;0.787816;40;0.000664949;3;0.000654936;1;0.718611;40;0.78826;40;3.08716;1;1.28746e-05;84;0.160496;84;0.0450563;40;0.441351;1;313.347;243;311.729;40;0.828862;80;0.788698;40;121.327;50000;18.4521;25000;0.202015;40;0.30424;1;0.13445;1;485.765;1;141.434;40;312.822;40;31.5059;40;0.00272655;40;none;lu;100.000000;0.002;0.004;2.5;0.004;1;81;100;normal;none;cg;1409044480;4096;148754432;2195410944;81;1;10000;none;gmres;0;9.16578e-07;ramp_for_visualization;186.78;1480;13200;1479;11552;1480;13200;40;10000;
2019/11/8 11:10:33;neon;opendihu 1.0, build Nov  8 2019 10:50:51, C++ 201402, GCC 5.5.0 20171010;64;11;0.014581;84;0.112732;81;0.0703738;81;0.353322;3240;2.61251;40;0.00358415;40;0.427074;80;1.5974e-05;4;0.485527;80;0.788813;80;0.000862122;6;0.000838041;2;0.839673;80;1.70299;80;2.98109;1;1.3113e-05;84;0.161363;84;0.0511119;40;0.441334;1;315.849;283;313.604;40;0.540081;80;1.7038;80;134.794;50000;18.3991;25000;13.3671;40;0.315904;1;0.140618;1;485.719;1;153.851;40;328.779;40;3.08471;40;0.00274992;40;none;lu;100.000000;0.002;0.004;2.5;0.004;1;81;100;normal;none;cg;1408987136;4096;147816448;2195353600;81;1;10000;none;gmres;0;9.16578e-07;ramp_for_visualization;184.61;1480;13200;1479;11552;1480;13200;40;10000;
2019/11/8 11:10:33;neon;opendihu 1.0, build Nov  8 2019 10:50:51, C++ 201402, GCC 5.5.0 20171010;64;12;0.0145876;93;0.120819;90;0.0758419;90;0.36501;3600;6.55911;40;0.00358105;40;0.000154018;40;9.05991e-06;2;6.29425e-05;40;0.787828;40;0.00070405;3;0.000692844;1;0.718604;40;0.788289;40;3.09123;1;2.83718e-05;93;0.163394;93;0.498591;40;0.441177;1;315.537;261;314.326;40;0.421466;80;0.788725;40;138.128;50000;20.2516;25000;4.26597;40;0.333404;1;0.150746;1;485.718;1;159.176;40;319.486;40;7.05149;40;0.00305438;40;none;lu;100.000000;0.002;0.004;2.5;0.004;1;90;100;normal;none;cg;1416699904;4096;154771456;2203066368;90;1;10000;none;gmres;0;9.16578e-07;ramp_for_visualization;184.26;1480;13200;1479;11552;1480;13200;40;10000;
2019/11/8 11:10:32;neon;opendihu 1.0, build Nov  8 2019 10:50:51, C++ 201402, GCC 5.5.0 20171010;64;13;0.0145798;84;0.0974011;81;0.0728724;81;0.32716;3240;34.9147;40;0.00403833;40;0.000146389;40;6.91414e-06;2;5.76973e-05;40;0.78775;40;0.000682831;3;0.000669956;1;0.718527;40;0.788171;40;3.05646;1;1.50204e-05;84;0.161567;84;0.0448215;40;0.441328;1;303.409;243;301.702;40;0.91825;80;0.788596;40;121.7;50000;18.43;25000;3.99998;40;0.319656;1;0.143645;1;485.472;1;143.525;40;306.597;40;35.3467;40;0.00248289;40;none;lu;100.000000;0.002;0.004;2.5;0.004;1;81;100;normal;none;cg;1408958464;4096;147165184;2195324928;81;1;10000;none;gmres;0;9.16578e-07;ramp_for_visualization;195.96;1480;13200;1479;11552;1480;13200;40;10000;
2019/11/8 11:10:33;neon;opendihu 1.0, build Nov  8 2019 10:50:51, C++ 201402, GCC 5.5.0 20171010;64;14;0.0145926;84;0.103953;81;0.0659554;81;0.333384;3240;27.5641;40;0.00399518;40;0.000125647;40;7.15256e-06;2;6.81877e-05;40;0.787638;40;0.000700951;3;0.00068903;1;0.718548;40;0.788063;40;2.98051;1;1.26362e-05;84;0.160171;84;0.049536;40;0.441334;1;313.761;243;312.139;40;0.832618;80;0.788479;40;120.811;50000;18.4367;25000;3.54132;40;0.298208;1;0.131868;1;485.766;1;141.176;40;316.578;40;28.0087;40;0.00300837;40;none;lu;100.000000;0.002;0.004;2.5;0.004;1;81;100;normal;none;cg;1408974848;4096;146993152;2195341312;81;1;10000;none;gmres;0;9.16578e-07;ramp_for_visualization;187.04;1480;13200;1479;11552;1480;13200;40;10000;
2019/11/8 11:10:33;neon;opendihu 1.0, build Nov  8 2019 10:50:51, C++ 201402, GCC 5.5.0 20171010;64;15;0.014596;84;0.23649;81;0.0653555;81;0.331534;3240;14.0341;40;0.00333977;40;0.557488;80;1.69277e-05;4;0.948275;80;0.788506;80;0.000873804;6;0.000852108;2;0.839808;80;2.29563;80;2.98634;1;2.3365e-05;84;0.160073;84;0.0493102;40;0.441359;1;316.144;283;313.005;40;0.841092;80;2.29649;80;121.529;50000;18.4244;25000;14.7503;40;0.301193;1;0.132007;1;485.666;1;140.945;40;330.162;40;14.5561;40;0.0021801;40;none;lu;100.000000;0.002;0.004;2.5;0.004;1;81;100;normal;none;cg;1408987136;4096;147259392;2195353600;81;1;10000;none;gmres;0;9.16578e-07;ramp_for_visualization;185.64;1480;13200;1479;11552;1480;13200;40;10000;
2019/11/8 11:10:33;neon;opendihu 1.0, build Nov  8 2019 10:50:51, C++ 201402, GCC 5.5.0 20171010;64;16;0.0146134;103;0.132162;100;0.0852447;100;0.414504;4000;0.0117726;40;0.00341749;40;0.000158072;40;8.10623e-06;2;6.31809e-05;40;0.787779;40;0.000823259;3;0.000810146;1;0.718556;40;0.788276;40;2.99078;1;1.7643e-05;103;0.167603;103;0.997192;40;0.441236;1;314.222;281;313.269;40;0.16405;80;0.788702;40;144.354;50000;21.9304;25000;1.01013;40;0.372483;1;0.168272;1;485.684;1;169.936;40;315.179;40;0.566135;40;0.00274515;40;none;lu;100.000000;0.002;0.004;2.5;0.004;1;100;100;normal;none;cg;1417916416;4096;170876928;2204282880;100;1;10000;none;gmres;0;9.16578e-07;ramp_for_visualization;184.92;1480;13200;1480;1479;11552;1479;1480;13200;1480;40;10000;
2019/11/8 11:10:32;neon;opendihu 1.0, build Nov  8 2019 10:50:51, C++ 201402, GCC 5.5.0 20171010;64;17;0.0145767;93;0.0997806;90;0.0866938;90;0.357724;3600;20.7286;40;0.00337648;40;0.000142813;40;8.10623e-06;2;6.07967e-05;40;0.787843;40;0.000721931;3;0.000710011;1;0.718603;40;0.788282;40;3.04908;1;1.54972e-05;93;0.165207;93;0.41105;40;0.441219;1;303.429;261;302.16;40;0.479261;80;0.788699;40;132.283;50000;20.1297;25000;1.01028;40;0.359018;1;0.167124;1;485.444;1;160.173;40;304.072;40;21.1944;40;0.00319314;40;none;lu;100.000000;0.002;0.004;2.5;0.004;1;90;100;normal;none;cg;1408303104;4096;162758656;2194669568;90;1;10000;none;gmres;0;9.16578e-07;ramp_for_visualization;195.66;1480;13200;1479;11552;1480;13200;40;10000;
2019/11/8 11:10:33;neon;opendihu 1.0, build Nov  8 2019 10:50:51, C++ 201402, GCC 5.5.0 20171010;64;18;0.014601;93;0.456658;90;0.0771806;90;0.360252;3600;18.4391;40;0.00330591;40;0.000125647;40;1.00136e-05;2;6.55651e-05;40;0.787826;40;0.000735044;3;0.000724077;1;0.718593;40;0.788254;40;2.98001;1;9.53674e-06;93;0.16359;93;0.414099;40;0.441204;1;312.609;261;311.275;40;0.545167;80;0.78868;40;131.149;50000;20.1994;25000;0.684451;40;0.335528;1;0.15072;1;485.766;1;153.636;40;312.862;40;19.2644;40;0.00326467;40;none;lu;100.000000;0.002;0.004;2.5;0.004;1;90;100;normal;none;cg;1408319488;4096;162631680;2194685952;90;1;10000;none;gmres;0;9.16578e-07;ramp_for_visualization;187.02;1480;13200;1479;11552;1480;13200;40;10000;
2019/11/8 11:10:33;neon;opendihu 1.0, build Nov  8 2019 10:50:51, C++ 201402, GCC 5.5.0 20171010;64;19;0.0145893;93;0.0989239;90;0.0732217;90;0.362443;3600;1.03525;40;0.00323415;40;0.0835185;80;1.4782e-05;4;0.160364;80;0.788401;80;0.00101113;6;0.000990868;2;0.839675;80;1.034;80;2.98234;1;1.12057e-05;93;0.164491;93;0.415837;40;0.441338;1;315.875;301;314.261;40;0.578931;80;1.03489;80;133.416;50000;20.177;25000;14.165;40;0.33685;1;0.148676;1;485.72;1;154.634;40;329.577;40;1.50505;40;0.00236034;40;none;lu;100.000000;0.002;0.004;2.5;0.004;1;90;100;normal;none;cg;1408405504;4096;162402304;2194771968;90;1;10000;none;gmres;0;9.16578e-07;ramp_for_visualization;185.78;1480;13200;1479;11552;1480;13200;40;10000;
2019/11/8 11:10:33;neon;opendihu 1.0, build Nov  8 2019 10:50:51, C++ 201402, GCC 5.5.0 20171010;64;20;0.01459;93;0.101623;90;0.0730157;90;0.375933;3600;12.4734;40;0.00328016;40;0.00015521;40;1.09673e-05;2;6.38962e-05;40;0.787939;40;0.00077033;3;0.000756025;1;0.718721;40;0.788437;40;3.05873;1;1.26362e-05;93;0.163602;93;0.495466;40;0.441339;1;314.604;261;313.332;40;0.482717;80;0.788855;40;133.2;50000;20.2569;25000;1.00971;40;0.332578;1;0.148415;1;485.718;1;157.507;40;315.248;40;12.9588;40;0.00379562;40;none;lu;100.000000;0.002;0.004;2.5;0.004;1;90;100;normal;none;cg;1408135168;4096;162668544;2194501632;90;1;10000;none;gmres;0;9.16578e-07;ramp_for_visualization;184.91;1480;13200;1479;11552;1480;13200;40;10000;
2019/11/8 11:10:32;neon;opendihu 1.0, build Nov  8 2019 10:50:51, C++ 201402, GCC 5.5.0 20171010;64;21;0.0145791;84;0.0904057;81;0.0683203;81;0.340394;3240;37.8259;40;0.00318599;40;0.00013566;40;1.21593e-05;2;6.22272e-05;40;0.787862;40;0.000740051;3;0.00072217;1;0.718566;40;0.788298;40;2.99074;1;8.82149e-06;84;0.161223;84;0.159545;40;0.441339;1;304.721;243;303.035;40;0.896631;80;0.788727;40;116.336;50000;17.6122;25000;1.00978;40;0.303447;1;0.134282;1;485.478;1;142.258;40;304.953;40;38.2634;40;0.00261092;40;none;lu;100.000000;0.002;0.004;2.5;0.004;1;81;100;normal;none;cg;1399599104;4096;155881472;2185965568;81;1;10000;none;gmres;0;9.16578e-07;ramp_for_visualization;195.22;1480;13200;1479;11552;1480;13200;40;10000;
2019/11/8 11:10:33;neon;opendihu 1.0, build Nov  8 2019 10:50:51, C++ 201402, GCC 5.5.0 20171010;64;22;0.0145824;84;0.0842824;81;0.0641329;81;0.336541;3240;31.9797;40;0.00317383;40;0.000126839;40;9.05991e-06;2;6.10352e-05;40;0.787977;40;0.000761032;3;0.000749111;1;0.718667;40;0.788413;40;2.98258;1;1.45435e-05;84;0.160319;84;0.162487;40;0.441309;1;312.553;243;310.874;40;0.88907;80;0.788853;40;113.44;50000;17.5625;25000;0.688725;40;0.293326;1;0.1285;1;485.766;1;140.881;40;312.473;40;32.4074;40;0.00330949;40;none;lu;100.000000;0.002;0.004;2.5;0.004;1;81;100;normal;none;cg;1399607296;4096;155942912;2185973760;81;1;10000;none;gmres;0;9.16578e-07;ramp_for_visualization;187.15;1480;13200;1479;11552;1480;13200;40;10000;
2019/11/8 11:10:33;neon;opendihu 1.0, build Nov  8 2019 10:50:51, C++ 201402, GCC 5.5.0 20171010;64;23;0.0145795;84;0.0756874;81;0.0663424;81;0.336223;3240;9.15936;40;0.00303316;40;0.503639;80;1.62125e-05;4;0.367842;80;0.788996;80;0.000967026;6;0.000943899;2;0.839843;80;1.6622;80;2.9809;1;1.62125e-05;84;0.160614;84;0.165226;40;0.44126;1;316.02;283;313.626;40;0.729692;80;1.66304;80;128.287;50000;17.5214;25000;14.0863;40;0.302536;1;0.133152;1;485.72;1;146.64;40;329.498;40;9.57868;40;0.00292206;40;none;lu;100.000000;0.002;0.004;2.5;0.004;1;81;100;normal;none;cg;1399738368;4096;154726400;2186104832;81;1;10000;none;gmres;0;9.16578e-07;ramp_for_visualization;185.18;1480;13200;1479;11552;1480;13200;40;10000;
2019/11/8 11:10:33;neon;opendihu 1.0, build Nov  8 2019 10:50:51, C++ 201402, GCC 5.5.0 20171010;64;24;0.0145986;93;0.0908287;90;0.0752356;90;0.375303;3600;3.57725;40;0.00300813;40;0.000145912;40;8.10623e-06;2;6.17504e-05;40;0.787924;40;0.000822783;3;0.0008111;1;0.718686;40;0.788397;40;3.05566;1;1.54972e-05;93;0.16347;93;0.488065;40;0.441274;1;314.518;261;313.471;40;0.257248;80;0.78882;40;145.282;50000;20.2255;25000;0.757937;40;0.332825;1;0.149052;1;485.712;1;166.516;40;315.142;40;4.05086;40;0.0023303;40;none;lu;100.000000;0.002;0.004;2.5;0.004;1;90;100;normal;none;cg;1408290816;4096;162787328;2194657280;90;1;10000;none;gmres;0;9.16578e-07;ramp_for_visualization;184.77;1480;13200;1479;11552;1480;13200;40;10000;
2019/11/8 11:10:32;neon;opendihu 1.0, build Nov  8 2019 10:50:51, C++ 201402, GCC 5.5.0 20171010;64;25;0.0145733;84;0.0776761;81;0.0710626;81;0.338778;3240;39.8982;40;0.00349736;40;0.000136375;40;7.86781e-06;2;6.05583e-05;40;0.787848;40;0.000769854;3;0.000756979;1;0.718568;40;0.788284;40;2.98814;1;1.64509e-05;84;0.1625;84;0.0264394;40;0.441161;1;304.215;243;302.499;40;0.926691;80;0.788713;40;116.188;50000;17.5535;25000;0.514531;40;0.311075;1;0.137559;1;485.427;1;141.173;40;303.928;40;40.3228;40;0.00281358;40;none;lu;100.000000;0.002;0.004;2.5;0.004;1;81;100;normal;none;cg;1399603200;4096;156028928;2185969664;81;1;10000;none;gmres;0;9.16578e-07;ramp_for_visualization;195.26;1480;13200;1479;11552;1480;13200;40;10000;
2019/11/8 11:10:33;neon;opendihu 1.0, build Nov  8 2019 10:50:51, C++ 201402, GCC 5.5.0 20171010;64;26;0.0145836;84;0.687209;81;0.0707836;81;0.336132;3240;30.486;40;0.00345302;40;0.00012517;40;9.05991e-06;2;5.93662e-05;40;0.78787;40;0.000787973;3;0.00077486;1;0.718688;40;0.788307;40;2.98384;1;1.35899e-05;84;0.160441;84;0.0295577;40;0.441334;1;313.234;243;311.589;40;0.855077;80;0.788737;40;116.474;50000;17.6384;25000;0.189463;40;0.307506;1;0.13772;1;485.767;1;141.551;40;312.695;40;31.5176;40;0.00288677;40;none;lu;100.000000;0.002;0.004;2.5;0.004;1;81;100;normal;none;cg;1399472128;4096;156127232;2185838592;81;1;10000;none;gmres;0;9.16578e-07;ramp_for_visualization;186.34;1480;13200;1479;11552;1480;13200;40;10000;
2019/11/8 11:10:33;neon;opendihu 1.0, build Nov  8 2019 10:50:51, C++ 201402, GCC 5.5.0 20171010;64;27;0.0145779;84;0.0817709;81;0.0697534;81;0.358623;3240;2.64426;40;0.00297594;40;0.856174;80;1.4782e-05;4;0.580732;80;0.788815;80;0.00105;6;0.00102997;2;0.839901;80;2.22743;80;2.89347;1;9.29832e-06;84;0.161349;84;0.0315068;40;0.441355;1;315.85;283;313.054;40;0.566279;80;2.22832;80;116.691;50000;17.5984;25000;13.3586;40;0.315198;1;0.139898;1;485.72;1;153.854;40;328.771;40;3.09219;40;0.00224948;40;none;lu;100.000000;0.002;0.004;2.5;0.004;1;81;100;normal;none;cg;1399734272;4096;154591232;2186100736;81;1;10000;none;gmres;0;9.16578e-07;ramp_for_visualization;184.62;1480;13200;1479;11552;1480;13200;40;10000;
2019/11/8 11:10:33;neon;opendihu 1.0, build Nov  8 2019 10:50:51, C++ 201402, GCC 5.5.0 20171010;64;28;0.0145824;93;0.0921726;90;0.0749462;90;0.363935;3600;6.59335;40;0.00277281;40;0.000163078;40;7.15256e-06;2;6.93798e-05;40;0.787801;40;0.000818253;3;0.000805855;1;0.718685;40;0.788305;40;3.05552;1;1.5974e-05;93;0.163375;93;0.491727;40;0.441344;1;315.185;261;313.947;40;0.447926;80;0.78872;40;133.385;50000;20.2165;25000;4.25968;40;0.331597;1;0.148948;1;485.709;1;159.523;40;319.126;40;7.05689;40;0.00214791;40;none;lu;100.000000;0.002;0.004;2.5;0.004;1;90;100;normal;none;cg;1407856640;4096;161423360;2194223104;90;1;10000;none;gmres;0;9.16578e-07;ramp_for_visualization;184.42;1480;13200;1479;11552;1480;13200;40;10000;
2019/11/8 11:10:32;neon;opendihu 1.0, build Nov  8 2019 10:50:51, C++ 201402, GCC 5.5.0 20171010;64;29;0.0145702;84;0.0724325;81;0.0724483;81;0.326253;3240;34.9455;40;0.0033102;40;0.000134468;40;9.05991e-06;2;5.79357e-05;40;0.787879;40;0.00079298;3;0.000781059;1;0.718631;40;0.788302;40;3.05312;1;7.15256e-06;84;0.16156;84;0.0309467;40;0.441323;1;303.8;243;302.066;40;0.944964;80;0.788725;40;122.333;50000;17.5625;25000;3.99365;40;0.3192;1;0.143192;1;485.478;1;143.142;40;306.981;40;35.3521;40;0.00243449;40;none;lu;100.000000;0.002;0.004;2.5;0.004;1;81;100;normal;none;cg;1399083008;4096;153481216;2185449472;81;1;10000;none;gmres;0;9.16578e-07;ramp_for_visualization;195.89;1480;13200;1479;11552;1480;13200;40;10000;
2019/11/8 11:10:33;neon;opendihu 1.0, build Nov  8 2019 10:50:51, C++ 201402, GCC 5.5.0 20171010;64;30;0.0145757;84;0.0698669;81;0.0686257;81;0.338168;3240;27.6228;40;0.0031395;40;0.00014472;40;9.05991e-06;2;6.31809e-05;40;0.787986;40;0.000810862;3;0.000798941;1;0.718726;40;0.788452;40;2.98066;1;1.35899e-05;84;0.16016;84;0.0311172;40;0.441295;1;313.737;243;312.089;40;0.859053;80;0.788882;40;116.206;50000;17.6093;25000;3.50956;40;0.300644;1;0.134308;1;485.759;1;141.196;40;316.521;40;28.0394;40;0.00252509;40;none;lu;100.000000;0.002;0.004;2.5;0.004;1;81;100;normal;none;cg;1399095296;4096;153493504;2185461760;81;1;10000;none;gmres;0;9.16578e-07;ramp_for_visualization;186.26;1480;13200;1479;11552;1480;13200;40;10000;
2019/11/8 11:10:33;neon;opendihu 1.0, build Nov  8 2019 10:50:51, C++ 201402, GCC 5.5.0 20171010;64;31;0.01457;84;0.0780642;81;0.0692282;81;0.332132;3240;14.1547;40;0.00298548;40;1.1795;80;1.38283e-05;4;1.20003;80;0.788623;80;0.00106573;6;0.00104284;2;0.839819;80;3.16953;80;2.98442;1;1.23978e-05;84;0.160069;84;0.0346322;40;0.441328;1;316.145;283;312.105;40;0.868247;80;3.17043;80;115.476;50000;17.528;25000;14.7333;40;0.30497;1;0.135779;1;485.72;1;141;40;330.145;40;14.5723;40;0.00210905;40;none;lu;100.000000;0.002;0.004;2.5;0.004;1;81;100;normal;none;cg;1399455744;4096;153128960;2185822208;81;1;10000;none;gmres;0;9.16578e-07;ramp_for_visualization;186.03;1480;13200;1479;11552;1480;13200;40;10000;
2019/11/8 11:10:33;neon;opendihu 1.0, build Nov  8 2019 10:50:51, C++ 201402, GCC 5.5.0 20171010;64;32;0.0146194;103;0.114505;100;0.0823998;100;0.40769;4000;0.0414333;40;0.00259519;40;0.000153542;40;8.10623e-06;2;6.29425e-05;40;0.787935;40;0.00100183;3;0.00098896;1;0.718715;40;0.788389;40;3.05714;1;1.62125e-05;103;0.167597;103;0.868793;40;0.441336;1;314.444;281;313.463;40;0.191427;80;0.788805;40;145.277;50000;21.9943;25000;1.00419;40;0.36966;1;0.165453;1;485.716;1;169.747;40;315.394;40;0.571212;40;0.00332379;40;none;lu;100.000000;0.002;0.004;2.5;0.004;1;100;100;normal;none;cg;1417887744;4096;171315200;2204254208;100;1;10000;none;gmres;0;9.16578e-07;ramp_for_visualization;185.54;1480;13200;1480;1479;11552;1479;1480;13200;1480;40;10000;
2019/11/8 11:10:32;neon;opendihu 1.0, build Nov  8 2019 10:50:51, C++ 201402, GCC 5.5.0 20171010;64;33;0.0145855;93;0.0834968;90;0.0890291;90;0.361102;3600;20.7467;40;0.00253415;40;0.000145197;40;6.91414e-06;2;6.96182e-05;40;0.787877;40;0.000827074;3;0.000814915;1;0.718587;40;0.788321;40;2.97556;1;1.0252e-05;93;0.165186;93;0.392323;40;0.441171;1;304.642;261;303.346;40;0.507246;80;0.788738;40;138.363;50000;19.3564;25000;1.00424;40;0.361452;1;0.169561;1;485.476;1;158.994;40;305.279;40;21.1997;40;0.00288749;40;none;lu;100.000000;0.002;0.004;2.5;0.004;1;90;100;normal;none;cg;1408077824;4096;163241984;2194444288;90;1;10000;none;gmres;0;9.16578e-07;ramp_for_visualization;194.43;1480;13200;1479;11552;1480;13200;40;10000;
2019/11/8 11:10:33;neon;opendihu 1.0, build Nov  8 2019 10:50:51, C++ 201402, GCC 5.5.0 20171010;64;34;0.0145879;93;0.716117;90;0.0777822;90;0.359466;3600;18.4421;40;0.00251007;40;0.000128984;40;1.09673e-05;2;6.38962e-05;40;0.787831;40;0.000836849;3;0.000824928;1;0.718575;40;0.788259;40;2.97917;1;1.38283e-05;93;0.163579;93;0.395503;40;0.441281;1;313.338;261;311.975;40;0.573542;80;0.78866;40;124.916;50000;19.3115;25000;0.420982;40;0.335943;1;0.151132;1;485.768;1;152.91;40;313.327;40;19.527;40;0.00322747;40;none;lu;100.000000;0.002;0.004;2.5;0.004;1;90;100;normal;none;cg;1408245760;4096;162623488;2194612224;90;1;10000;none;gmres;0;9.16578e-07;ramp_for_visualization;186.2;1480;13200;1479;11552;1480;13200;40;10000;
2019/11/8 11:10:33;neon;opendihu 1.0, build Nov  8 2019 10:50:51, C++ 201402, GCC 5.5.0 20171010;64;35;0.0146041;93;0.0810206;90;0.0794232;90;0.364592;3600;1.30883;40;0.00239968;40;0.362574;80;1.52588e-05;4;0.350798;80;0.788667;80;0.00136566;6;0.00134301;2;0.839686;80;1.50376;80;2.98668;1;2.0504e-05;93;0.164469;93;0.397105;40;0.44134;1;315.876;301;313.763;40;0.607792;80;1.50462;80;128.477;50000;19.2922;25000;13.9061;40;0.342597;1;0.154423;1;485.721;1;154.636;40;329.318;40;1.76313;40;0.00306869;40;none;lu;100.000000;0.002;0.004;2.5;0.004;1;90;100;normal;none;cg;1408331776;4096;161824768;2194698240;90;1;10000;none;gmres;0;9.16578e-07;ramp_for_visualization;184.97;1480;13200;1479;11552;1480;13200;40;10000;
2019/11/8 11:10:33;neon;opendihu 1.0, build Nov  8 2019 10:50:51, C++ 201402, GCC 5.5.0 20171010;64;36;0.0146039;93;0.0782552;90;0.0727572;90;0.373988;3600;12.5032;40;0.00245595;40;0.000154734;40;9.05991e-06;2;6.46114e-05;40;0.787705;40;0.000863075;3;0.000846863;1;0.718547;40;0.788175;40;3.09607;1;1.40667e-05;93;0.163618;93;0.493444;40;0.441343;1;315.044;261;313.743;40;0.511972;80;0.788612;40;129.564;50000;19.3509;25000;1.00381;40;0.33183;1;0.147658;1;485.72;1;157.071;40;315.681;40;12.9637;40;0.00270724;40;none;lu;100.000000;0.002;0.004;2.5;0.004;1;90;100;normal;none;cg;1408196608;4096;163479552;2194563072;90;1;10000;none;gmres;0;9.16578e-07;ramp_for_visualization;184.45;1480;13200;1479;11552;1480;13200;40;10000;
2019/11/8 11:10:32;neon;opendihu 1.0, build Nov  8 2019 10:50:51, C++ 201402, GCC 5.5.0 20171010;64;37;0.0145717;84;0.0673189;81;0.070065;81;0.332058;3240;37.862;40;0.00237012;40;0.000149012;40;6.91414e-06;2;5.84126e-05;40;0.787863;40;0.000839949;3;0.000827074;1;0.718544;40;0.788293;40;3.00314;1;1.64509e-05;84;0.161242;84;0.14221;40;0.441164;1;305.042;243;303.326;40;0.926145;80;0.788717;40;114.383;50000;17.5189;25000;1.00374;40;0.305399;1;0.13624;1;485.48;1;141.941;40;305.267;40;38.2687;40;0.00234294;40;none;lu;100.000000;0.002;0.004;2.5;0.004;1;81;100;normal;none;cg;1399459840;4096;155951104;2185826304;81;1;10000;none;gmres;0;9.16578e-07;ramp_for_visualization;195.16;1480;13200;1479;11552;1480;13200;40;10000;
2019/11/8 11:10:33;neon;opendihu 1.0, build Nov  8 2019 10:50:51, C++ 201402, GCC 5.5.0 20171010;64;38;0.0146003;84;0.0691991;81;0.0668595;81;0.346906;3240;32.2508;40;0.00236082;40;0.000128746;40;7.86781e-06;2;6.19888e-05;40;0.787861;40;0.000859022;3;0.000845909;1;0.718693;40;0.788291;40;2.98729;1;2.3365e-05;84;0.160306;84;0.145447;40;0.441204;1;312.749;243;311.041;40;0.918669;80;0.788718;40;112.819;50000;17.5587;25000;0.4204;40;0.295869;1;0.131035;1;485.767;1;140.689;40;312.4;40;32.6747;40;0.00235844;40;none;lu;100.000000;0.002;0.004;2.5;0.004;1;81;100;normal;none;cg;1399480320;4096;156135424;2185846784;81;1;10000;none;gmres;0;9.16578e-07;ramp_for_visualization;187.16;1480;13200;1479;11552;1480;13200;40;10000;
2019/11/8 11:10:33;neon;opendihu 1.0, build Nov  8 2019 10:50:51, C++ 201402, GCC 5.5.0 20171010;64;39;0.0145862;84;0.0662894;81;0.0696709;81;0.336604;3240;9.42647;40;0.0022254;40;0.367742;80;1.78814e-05;4;0.484882;80;0.788961;80;0.00120807;6;0.00118804;2;0.839811;80;1.6433;80;3.01652;1;1.00136e-05;84;0.160606;84;0.147424;40;0.44134;1;316.02;283;313.615;40;0.760139;80;1.64413;80;118.974;50000;17.5579;25000;13.8274;40;0.305883;1;0.136495;1;485.721;1;146.642;40;329.239;40;9.83675;40;0.00234675;40;none;lu;100.000000;0.002;0.004;2.5;0.004;1;81;100;normal;none;cg;1399861248;4096;154927104;2186227712;81;1;10000;none;gmres;0;9.16578e-07;ramp_for_visualization;184.74;1480;13200;1479;11552;1480;13200;40;10000;
2019/11/8 11:10:33;neon;opendihu 1.0, build Nov  8 2019 10:50:51, C++ 201402, GCC 5.5.0 20171010;64;40;0.0145912;93;0.0765944;90;0.0765817;90;0.375125;3600;3.591;40;0.00223732;40;0.000133753;40;9.05991e-06;2;5.8651e-05;40;0.787873;40;0.000901222;3;0.000889063;1;0.71865;40;0.78834;40;3.09685;1;1.04904e-05;93;0.16349;93;0.486223;40;0.441347;1;314.638;261;313.56;40;0.28806;80;0.788785;40;129.572;50000;19.3261;25000;0.756672;40;0.33412;1;0.150365;1;485.717;1;166.403;40;315.26;40;4.05115;40;0.0019908;40;none;lu;100.000000;0.002;0.004;2.5;0.004;1;90;100;normal;none;cg;1408212992;4096;163147776;2194579456;90;1;10000;none;gmres;0;9.16578e-07;ramp_for_visualization;185.24;1480;13200;1479;11552;1480;13200;40;10000;
2019/11/8 11:10:32;neon;opendihu 1.0, build Nov  8 2019 10:50:51, C++ 201402, GCC 5.5.0 20171010;64;41;0.0145848;84;0.0721922;81;0.0694878;81;0.338905;3240;39.9093;40;0.00219011;40;0.000134706;40;7.86781e-06;2;5.91278e-05;40;0.787911;40;0.00085783;3;0.000845909;1;0.718632;40;0.788343;40;3.05695;1;2.00272e-05;84;0.162484;84;0.00904083;40;0.441201;1;304.85;243;303.102;40;0.958173;80;0.788787;40;115.658;50000;17.5297;25000;0.508508;40;0.3096;1;0.136084;1;485.477;1;140.589;40;304.556;40;40.328;40;0.00263596;40;none;lu;100.000000;0.002;0.004;2.5;0.004;1;81;100;normal;none;cg;1399463936;4096;156172288;2185830400;81;1;10000;none;gmres;0;9.16578e-07;ramp_for_visualization;194.86;1480;13200;1479;11552;1480;13200;40;10000;
2019/11/8 11:10:33;neon;opendihu 1.0, build Nov  8 2019 10:50:51, C++ 201402, GCC 5.5.0 20171010;64;42;0.0145631;84;0.677797;81;0.0711944;81;0.338335;3240;30.5061;40;0.00215602;40;0.000126123;40;1.00136e-05;2;6.50883e-05;40;0.787776;40;0.000870943;3;0.000857115;1;0.718572;40;0.788208;40;2.98551;1;1.66893e-05;84;0.160415;84;0.0119753;40;0.441169;1;313.118;243;311.442;40;0.887021;80;0.788652;40;113.183;50000;17.5612;25000;0.176415;40;0.308109;1;0.138314;1;485.757;1;141.658;40;312.565;40;31.5298;40;0.00300026;40;none;lu;100.000000;0.002;0.004;2.5;0.004;1;81;100;normal;none;cg;1399472128;4096;156114944;2185838592;81;1;10000;none;gmres;0;9.16578e-07;ramp_for_visualization;186.38;1480;13200;1479;11552;1480;13200;40;10000;
2019/11/8 11:10:33;neon;opendihu 1.0, build Nov  8 2019 10:50:51, C++ 201402, GCC 5.5.0 20171010;64;43;0.0145652;84;0.0698729;81;0.0695486;81;0.333676;3240;2.68788;40;0.00216365;40;0.176818;80;1.4782e-05;4;0.638011;80;0.788956;80;0.00123715;6;0.0012157;2;0.839972;80;1.60544;80;2.98475;1;1.21593e-05;84;0.161362;84;0.0136735;40;0.441319;1;315.851;283;313.645;40;0.598688;80;1.60622;80;117.165;50000;17.5587;25000;13.351;40;0.315074;1;0.139781;1;485.721;1;153.856;40;328.763;40;3.09901;40;0.00208235;40;none;lu;100.000000;0.002;0.004;2.5;0.004;1;81;100;normal;none;cg;1399730176;4096;154165248;2186096640;81;1;10000;none;gmres;0;9.16578e-07;ramp_for_visualization;185.04;1480;13200;1479;11552;1480;13200;40;10000;
2019/11/8 11:10:33;neon;opendihu 1.0, build Nov  8 2019 10:50:51, C++ 201402, GCC 5.5.0 20171010;64;44;0.0145972;93;0.0871935;90;0.0762606;90;0.384649;3600;6.57709;40;0.0019908;40;0.000133038;40;8.10623e-06;2;6.65188e-05;40;0.787815;40;0.000896931;3;0.000885963;1;0.718615;40;0.788298;40;3.05699;1;1.78814e-05;93;0.16338;93;0.489924;40;0.44134;1;315.299;261;314.028;40;0.480907;80;0.788745;40;128.774;50000;19.3365;25000;4.25899;40;0.333632;1;0.150983;1;485.699;1;159.399;40;319.239;40;7.05661;40;0.00404382;40;none;lu;100.000000;0.002;0.004;2.5;0.004;1;90;100;normal;none;cg;1407893504;4096;160870400;2194259968;90;1;10000;none;gmres;0;9.16578e-07;ramp_for_visualization;184.28;1480;13200;1479;11552;1480;13200;40;10000;
2019/11/8 11:10:32;neon;opendihu 1.0, build Nov  8 2019 10:50:51, C++ 201402, GCC 5.5.0 20171010;64;45;0.0146022;84;0.0691891;81;0.0692699;81;0.329033;3240;34.9463;40;0.00248432;40;0.000121117;40;7.15256e-06;2;6.17504e-05;40;0.787773;40;0.000875235;3;0.000864029;1;0.718489;40;0.788183;40;2.9054;1;1.35899e-05;84;0.161639;84;0.0135407;40;0.441331;1;304.375;243;302.608;40;0.97829;80;0.788614;40;114.892;50000;17.5311;25000;3.99296;40;0.316135;1;0.140118;1;485.479;1;142.569;40;307.554;40;35.352;40;0.00231433;40;none;lu;100.000000;0.002;0.004;2.5;0.004;1;81;100;normal;none;cg;1399087104;4096;154198016;2185453568;81;1;10000;none;gmres;0;9.16578e-07;ramp_for_visualization;195.91;1480;13200;1479;11552;1480;13200;40;10000;
2019/11/8 11:10:33;neon;opendihu 1.0, build Nov  8 2019 10:50:51, C++ 201402, GCC 5.5.0 20171010;64;46;0.014591;84;0.0667889;81;0.0682743;81;0.333606;3240;27.6093;40;0.0024085;40;0.000123024;40;8.10623e-06;2;6.36578e-05;40;0.787946;40;0.000895023;3;0.000882149;1;0.718734;40;0.788359;40;2.98102;1;1.54972e-05;84;0.160181;84;0.0174282;40;0.441316;1;313.644;243;311.961;40;0.893092;80;0.788797;40;115.113;50000;17.5502;25000;3.53056;40;0.300556;1;0.134217;1;485.766;1;141.296;40;316.448;40;28.0177;40;0.0028882;40;none;lu;100.000000;0.002;0.004;2.5;0.004;1;81;100;normal;none;cg;1399095296;4096;153329664;2185461760;81;1;10000;none;gmres;0;9.16578e-07;ramp_for_visualization;186.09;1480;13200;1479;11552;1480;13200;40;10000;
2019/11/8 11:10:33;neon;opendihu 1.0, build Nov  8 2019 10:50:51, C++ 201402, GCC 5.5.0 20171010;64;47;0.0145881;84;0.0703657;81;0.0686417;81;0.339361;3240;14.1532;40;0.0021739;40;0.409817;80;1.90735e-05;4;1.3656;80;0.788542;80;0.00124741;6;0.00122595;2;0.83985;80;2.56534;80;2.98117;1;1.50204e-05;84;0.160085;84;0.0178206;40;0.441349;1;316.145;283;312.676;40;0.902512;80;2.56619;80;114.424;50000;17.5776;25000;14.7342;40;0.304212;1;0.135024;1;485.721;1;141.002;40;330.146;40;14.5706;40;0.00215793;40;none;lu;100.000000;0.002;0.004;2.5;0.004;1;81;100;normal;none;cg;1399447552;4096;152834048;2185814016;81;1;10000;none;gmres;0;9.16578e-07;ramp_for_visualization;185.43;1480;13200;1479;11552;1480;13200;40;10000;
2019/11/8 11:10:33;neon;opendihu 1.0, build Nov  8 2019 10:50:51, C++ 201402, GCC 5.5.0 20171010;64;48;0.0146174;103;0.266855;100;0.081924;100;0.402349;4000;0.0206773;40;0.00175428;40;0.000144482;40;6.91414e-06;2;6.03199e-05;40;0.787919;40;0.000998735;3;0.000988007;1;0.718646;40;0.788389;40;3.09677;1;2.09808e-05;103;0.1676;103;0.870872;40;0.441339;1;314.295;281;313.279;40;0.226001;80;0.788797;40;141.937;50000;21.9397;25000;0.881308;40;0.368769;1;0.164559;1;485.71;1;169.892;40;315.121;40;0.693379;40;0.00348163;40;none;lu;100.000000;0.002;0.004;2.5;0.004;1;100;100;normal;none;cg;1423314944;4096;162840576;2209681408;100;1;10000;none;gmres;0;9.16578e-07;ramp_for_visualization;185.05;1480;13200;1480;1479;11552;1479;1480;13200;1480;40;10000;
2019/11/8 11:10:32;neon;opendihu 1.0, build Nov  8 2019 10:50:51, C++ 201402, GCC 5.5.0 20171010;64;49;0.0146203;93;0.0899329;90;0.0800841;90;0.354375;3600;20.8695;40;0.00174665;40;0.000141621;40;7.15256e-06;2;7.62939e-05;40;0.787899;40;0.000909805;3;0.000896931;1;0.71855;40;0.788345;40;2.98869;1;1.23978e-05;93;0.165263;93;0.393895;40;0.441339;1;304.145;261;302.814;40;0.541833;80;0.788771;40;127.295;50000;19.2992;25000;0.881218;40;0.352448;1;0.160571;1;485.468;1;159.486;40;304.657;40;21.3217;40;0.00257611;40;none;lu;100.000000;0.002;0.004;2.5;0.004;1;90;100;normal;none;cg;1414205440;4096;155619328;2200571904;90;1;10000;none;gmres;0;9.16578e-07;ramp_for_visualization;195.36;1480;13200;1479;11552;1480;13200;40;10000;
2019/11/8 11:10:33;neon;opendihu 1.0, build Nov  8 2019 10:50:51, C++ 201402, GCC 5.5.0 20171010;64;50;0.0146041;93;0.735218;90;0.0742965;90;0.356174;3600;18.4431;40;0.00166154;40;0.000127792;40;8.82149e-06;2;7.1764e-05;40;0.787827;40;0.000922918;3;0.000910997;1;0.718581;40;0.788257;40;2.98697;1;1.4782e-05;93;0.163597;93;0.394732;40;0.441201;1;312.571;261;311.173;40;0.608558;80;0.788696;40;125.938;50000;19.3428;25000;0.405895;40;0.332611;1;0.147797;1;485.762;1;153.672;40;312.544;40;19.5414;40;0.00313878;40;none;lu;100.000000;0.002;0.004;2.5;0.004;1;90;100;normal;none;cg;1414221824;4096;154984448;2200588288;90;1;10000;none;gmres;0;9.16578e-07;ramp_for_visualization;187.15;1480;13200;1479;11552;1480;13200;40;10000;
2019/11/8 11:10:33;neon;opendihu 1.0, build Nov  8 2019 10:50:51, C++ 201402, GCC 5.5.0 20171010;64;51;0.014605;93;0.158985;90;0.0809519;90;0.359383;3600;1.25042;40;0.00158525;40;0.168001;80;1.78814e-05;4;0.50833;80;0.788664;80;0.00144815;6;0.00142479;2;0.839825;80;1.46641;80;2.9822;1;1.33514e-05;93;0.164493;93;0.396232;40;0.441267;1;315.877;301;313.766;40;0.642838;80;1.46726;80;127.623;50000;19.3065;25000;13.8935;40;0.344112;1;0.155936;1;485.719;1;154.635;40;329.305;40;1.775;40;0.00307274;40;none;lu;100.000000;0.002;0.004;2.5;0.004;1;90;100;normal;none;cg;1414467584;4096;154591232;2200834048;90;1;10000;none;gmres;0;9.16578e-07;ramp_for_visualization;184.55;1480;13200;1479;11552;1480;13200;40;10000;
2019/11/8 11:10:33;neon;opendihu 1.0, build Nov  8 2019 10:50:51, C++ 201402, GCC 5.5.0 20171010;64;52;0.0145998;93;0.0990589;90;0.0731692;90;0.36814;3600;12.6132;40;0.00162625;40;0.00014472;40;8.10623e-06;2;7.39098e-05;40;0.787696;40;0.000946999;3;0.000936031;1;0.718647;40;0.788196;40;3.09684;1;1.62125e-05;93;0.16366;93;0.499424;40;0.441196;1;314.434;261;313.097;40;0.547535;80;0.788636;40;127.865;50000;19.3287;25000;0.880692;40;0.332664;1;0.14848;1;485.71;1;157.674;40;314.947;40;13.086;40;0.00217533;40;none;lu;100.000000;0.002;0.004;2.5;0.004;1;90;100;normal;none;cg;1414197248;4096;155299840;2200563712;90;1;10000;none;gmres;0;9.16578e-07;ramp_for_visualization;184.67;1480;13200;1479;11552;1480;13200;40;10000;
2019/11/8 11:10:32;neon;opendihu 1.0, build Nov  8 2019 10:50:51, C++ 201402, GCC 5.5.0 20171010;64;53;0.0146081;84;0.0757358;81;0.0669713;81;0.331958;3240;37.9772;40;0.00148916;40;0.000148296;40;8.10623e-06;2;6.12736e-05;40;0.7879;40;0.000918865;3;0.000905991;1;0.718656;40;0.788349;40;3.02293;1;1.00136e-05;84;0.161011;84;0.144557;40;0.441339;1;304.358;243;302.606;40;0.96195;80;0.788759;40;116.517;50000;17.5288;25000;0.880725;40;0.302116;1;0.132956;1;485.451;1;142.597;40;304.459;40;38.3908;40;0.00245237;40;none;lu;100.000000;0.002;0.004;2.5;0.004;1;81;100;normal;none;cg;1406189568;4096;149188608;2192556032;81;1;10000;none;gmres;0;9.16578e-07;ramp_for_visualization;194.89;1480;13200;1479;11552;1480;13200;40;10000;
2019/11/8 11:10:33;neon;opendihu 1.0, build Nov  8 2019 10:50:51, C++ 201402, GCC 5.5.0 20171010;64;54;0.0145862;84;0.0670173;81;0.0672157;81;0.336987;3240;32.2781;40;0.00156403;40;0.000134945;40;7.86781e-06;2;5.72205e-05;40;0.787955;40;0.000940084;3;0.00092721;1;0.718717;40;0.788385;40;2.98595;1;9.77516e-06;84;0.160312;84;0.145904;40;0.44135;1;313.339;243;311.594;40;0.95565;80;0.788838;40;116.467;50000;17.6161;25000;0.405347;40;0.296333;1;0.131499;1;485.762;1;140.095;40;312.974;40;32.689;40;0.00258398;40;none;lu;100.000000;0.002;0.004;2.5;0.004;1;81;100;normal;none;cg;1406210048;4096;148672512;2192576512;81;1;10000;none;gmres;0;9.16578e-07;ramp_for_visualization;186.14;1480;13200;1479;11552;1480;13200;40;10000;
2019/11/8 11:10:33;neon;opendihu 1.0, build Nov  8 2019 10:50:51, C++ 201402, GCC 5.5.0 20171010;64;55;0.0145829;84;0.0804985;81;0.0668068;81;0.329142;3240;9.42814;40;0.00147057;40;0.378886;80;1.81198e-05;4;0.694479;80;0.788611;80;0.00133586;6;0.00131297;2;0.83983;80;1.86343;80;2.98205;1;1.50204e-05;84;0.160668;84;0.147242;40;0.441332;1;316.021;283;313.358;40;0.798033;80;1.86419;80;118.155;50000;17.5457;25000;13.8188;40;0.303379;1;0.133984;1;485.721;1;146.643;40;329.231;40;9.84445;40;0.00213861;40;none;lu;100.000000;0.002;0.004;2.5;0.004;1;81;100;normal;none;cg;1406566400;4096;147505152;2192932864;81;1;10000;none;gmres;0;9.16578e-07;ramp_for_visualization;184.91;1480;13200;1479;11552;1480;13200;40;10000;
2019/11/8 11:10:33;neon;opendihu 1.0, build Nov  8 2019 10:50:51, C++ 201402, GCC 5.5.0 20171010;64;56;0.0146172;93;0.0973113;90;0.0727811;90;0.375965;3600;3.69606;40;0.0013926;40;0.000149488;40;6.91414e-06;2;6.1512e-05;40;0.788122;40;0.000999928;3;0.000988007;1;0.718733;40;0.788614;40;3.09299;1;1.83582e-05;93;0.163501;93;0.491554;40;0.441337;1;314.783;261;313.667;40;0.326007;80;0.789036;40;127.725;50000;19.3646;25000;0.63309;40;0.330462;1;0.146677;1;485.717;1;166.258;40;315.28;40;4.17395;40;0.00311494;40;none;lu;100.000000;0.002;0.004;2.5;0.004;1;90;100;normal;none;cg;1414316032;4096;154988544;2200682496;90;1;10000;none;gmres;0;9.16578e-07;ramp_for_visualization;185.39;1480;13200;1479;11552;1480;13200;40;10000;
2019/11/8 11:10:32;neon;opendihu 1.0, build Nov  8 2019 10:50:51, C++ 201402, GCC 5.5.0 20171010;64;57;0.0145967;84;0.0762148;81;0.0704484;81;0.33173;3240;39.7886;40;0.00138474;40;0.000135899;40;1.09673e-05;2;5.6982e-05;40;0.788033;40;0.000943184;3;0.000930786;1;0.718717;40;0.788469;40;2.99019;1;1.64509e-05;84;0.162518;84;0.0109079;40;0.441335;1;304.675;243;302.889;40;0.996343;80;0.788896;40;115.748;50000;17.5482;25000;0.632993;40;0.310574;1;0.137085;1;485.469;1;140.759;40;304.505;40;40.2027;40;0.00250292;40;none;lu;100.000000;0.002;0.004;2.5;0.004;1;81;100;normal;none;cg;1406193664;4096;148738048;2192560128;81;1;10000;none;gmres;0;9.16578e-07;ramp_for_visualization;195;1480;13200;1479;11552;1480;13200;40;10000;
2019/11/8 11:10:33;neon;opendihu 1.0, build Nov  8 2019 10:50:51, C++ 201402, GCC 5.5.0 20171010;64;58;0.014585;84;0.679909;81;0.071038;81;0.355932;3240;30.5018;40;0.00131369;40;0.000128746;40;7.86781e-06;2;5.76973e-05;40;0.787993;40;0.000952959;3;0.000941038;1;0.718737;40;0.788414;40;2.98069;1;1.09673e-05;84;0.160444;84;0.0120814;40;0.441333;1;313.105;243;311.39;40;0.925419;80;0.788827;40;114.473;50000;17.5456;25000;0.160997;40;0.307877;1;0.138087;1;485.77;1;141.685;40;312.536;40;31.5444;40;0.00302792;40;none;lu;100.000000;0.002;0.004;2.5;0.004;1;81;100;normal;none;cg;1406205952;4096;148688896;2192572416;81;1;10000;none;gmres;0;9.16578e-07;ramp_for_visualization;186.9;1480;13200;1479;11552;1480;13200;40;10000;
2019/11/8 11:10:33;neon;opendihu 1.0, build Nov  8 2019 10:50:51, C++ 201402, GCC 5.5.0 20171010;64;59;0.0146151;84;0.0770309;81;0.067589;81;0.326526;3240;2.69771;40;0.00122738;40;0.123691;80;1.90735e-05;4;1.03164;80;0.788851;80;0.001472;6;0.0014441;2;0.839924;80;1.94556;80;2.87576;1;1.40667e-05;84;0.161446;84;0.0137887;40;0.441361;1;315.851;283;313.267;40;0.637287;80;1.94641;80;116.678;50000;17.552;25000;13.3411;40;0.313269;1;0.137966;1;485.721;1;153.857;40;328.753;40;3.10811;40;0.00199389;40;none;lu;100.000000;0.002;0.004;2.5;0.004;1;81;100;normal;none;cg;1406554112;4096;147808256;2192920576;81;1;10000;none;gmres;0;9.16578e-07;ramp_for_visualization;185.62;1480;13200;1479;11552;1480;13200;40;10000;
2019/11/8 11:10:33;neon;opendihu 1.0, build Nov  8 2019 10:50:51, C++ 201402, GCC 5.5.0 20171010;64;60;0.0146108;93;0.126029;90;0.0747418;90;0.368707;3600;6.56284;40;0.00117946;40;0.000159502;40;6.91414e-06;2;5.93662e-05;40;0.787988;40;0.000994921;3;0.000983953;1;0.71868;40;0.788437;40;2.9854;1;1.33514e-05;93;0.163427;93;0.492918;40;0.441339;1;315.276;261;313.967;40;0.519537;80;0.788869;40;127.43;50000;19.3349;25000;4.25248;40;0.332206;1;0.149562;1;485.714;1;159.439;40;319.209;40;7.06243;40;0.00317955;40;none;lu;100.000000;0.002;0.004;2.5;0.004;1;90;100;normal;none;cg;1414004736;4096;154120192;2200371200;90;1;10000;none;gmres;0;9.16578e-07;ramp_for_visualization;184.05;1480;13200;1479;11552;1480;13200;40;10000;
2019/11/8 11:10:32;neon;opendihu 1.0, build Nov  8 2019 10:50:51, C++ 201402, GCC 5.5.0 20171010;64;61;0.0145874;84;0.0946701;81;0.0731828;81;0.32947;3240;34.6631;40;0.00114369;40;0.000134706;40;9.05991e-06;2;6.27041e-05;40;0.787955;40;0.000970125;3;0.000959158;1;0.718699;40;0.788381;40;2.93112;1;1.38283e-05;84;0.161607;84;0.016494;40;0.441306;1;303.281;243;301.475;40;1.01686;80;0.788805;40;116.238;50000;17.6274;25000;4.25244;40;0.32004;1;0.14401;1;485.449;1;143.634;40;306.719;40;35.0918;40;0.00324893;40;none;lu;100.000000;0.002;0.004;2.5;0.004;1;81;100;normal;none;cg;1405906944;4096;146939904;2192273408;81;1;10000;none;gmres;0;9.16578e-07;ramp_for_visualization;196.3;1480;13200;1479;11552;1480;13200;40;10000;
2019/11/8 11:10:33;neon;opendihu 1.0, build Nov  8 2019 10:50:51, C++ 201402, GCC 5.5.0 20171010;64;62;0.014595;84;0.0774388;81;0.0684886;81;0.332833;3240;27.5794;40;0.001091;40;0.000121355;40;8.10623e-06;2;7.34329e-05;40;0.787768;40;0.000990152;3;0.000976086;1;0.718617;40;0.788206;40;2.98331;1;2.09808e-05;84;0.160179;84;0.0167687;40;0.441192;1;313.341;243;311.619;40;0.93241;80;0.788637;40;115.272;50000;17.5545;25000;3.55173;40;0.30062;1;0.134282;1;485.755;1;141.59;40;316.165;40;27.9958;40;0.00295758;40;none;lu;100.000000;0.002;0.004;2.5;0.004;1;81;100;normal;none;cg;1406046208;4096;146776064;2192412672;81;1;10000;none;gmres;0;9.16578e-07;ramp_for_visualization;186.48;1480;13200;1479;11552;1480;13200;40;10000;
2019/11/8 11:10:33;neon;opendihu 1.0, build Nov  8 2019 10:50:51, C++ 201402, GCC 5.5.0 20171010;64;63;0.0145869;84;0.0843527;81;0.0691276;81;0.328812;3240;14.1213;40;0.00106931;40;0.00319767;80;1.69277e-05;4;2.30685;80;0.788647;80;0.00148129;6;0.00146127;2;0.839877;80;3.09994;80;2.98636;1;1.40667e-05;84;0.160104;84;0.0181522;40;0.44134;1;316.146;283;312.102;40;0.942274;80;3.1008;80;114.506;50000;17.5224;25000;14.7632;40;0.304851;1;0.135656;1;485.721;1;141.002;40;330.175;40;14.5407;40;0.00264215;40;none;lu;100.000000;0.002;0.004;2.5;0.004;1;81;100;normal;none;cg;1406287872;4096;146452480;2192654336;81;1;10000;none;gmres;0;9.16578e-07;ramp_for_visualization;185.55;1480;13200;1479;11552;1480;13200;40;10000;
# timestamp;hostname;version;nRanks;rankNo;durationAssembleBoundaryConditions;n;durationComputeMappingBetweenMeshes;n;durationInitCellml;n;durationMap;n;durationMapFinalize;n;durationMapPrepare;n;durationParaview1D;n;durationParaview1DInit;n;durationParaview2D;n;durationParaview3D;n;durationParaview3DInit;n;durationParaview3DReduction;n;durationParaview3DWrite;n;durationParaviewOutput;n;durationReadGeometry;n;durationSetRightHandSide;n;durationSetStiffnessMatrix;n;durationSolve_activationSolver;n;durationSolve_potentialFlowSolver;n;durationWriteOutput;n;durationWriteOutputExfile;n;durationWriteOutputMegamol;n;durationWriteOutputParaview;n;duration_0D;n;duration_1D;n;duration_bidomain;n;duration_subdomains_xy_init;n;duration_subdomains_z_init;n;duration_total;n;duration_total_advanceTimeSpan1;n;duration_total_advanceTimeSpan2;n;duration_total_transfer12;n;duration_total_transfer21;n;activationSolver_preconditionerType;activationSolver_solverType;currentSimulationTime;dt_0D;dt_1D;dt_3D;dt_splitting;duration_subdomains_xy_n;duration_subdomains_z_n;endTime;exit;implicitSolver_preconditionerType;implicitSolver_solverType;memoryData;memoryPage;memoryResidentSet;memoryVirtual;nInstancesComputedGlobally;nIterations_activationSolver;nIterations_potentialFlowSolver;potentialFlowSolver_preconditionerType;potentialFlowSolver_solverType;residualNorm_activationSolver;residualNorm_potentialFlowSolver;scenarioName;totalUsertime;~nDofs;~nDofs3Dmesh;~nDofsFiber0;~nElements;~nElements3Dmesh;~nElementsFiber0;~nNodes;~nNodes3Dmesh;~nNodesFiber0;nIterationsTotal_activationSolver;nIterationsTotal_potentialFlowSolver;
2019/11/8 11:25:18;neon;opendihu 1.0, build Nov  8 2019 10:50:51, C++ 201402, GCC 5.5.0 20171010;64;0;0.00840163;103;0.141181;100;0.0859179;100;0.405828;4000;0.00143361;40;0.00101471;40;0.000107527;40;6.91414e-06;2;6.8903e-05;40;1.26972;40;0.00130272;3;0.00127888;1;0.716583;40;1.27014;40;2.91177;1;1.81198e-05;103;0.160648;103;0.575142;40;0.426242;1;317.148;281;315.03;40;0.846445;80;1.2705;40;142.494;50000;21.9611;25000;0.982227;40;0.377687;1;0.169466;1;490.945;1;172.317;40;318.072;40;0.550852;40;0.00266576;40;none;lu;100.000000;0.002;0.004;2.5;0.004;1;100;100;normal;none;cg;1438224384;4096;194179072;2224590848;100;1;10000;none;gmres;0;9.16498e-07;ramp_for_visualization;184.3;1480;13200;1480;1479;11552;1479;1480;13200;1480;40;10000;
2019/11/8 11:25:18;neon;opendihu 1.0, build Nov  8 2019 10:50:51, C++ 201402, GCC 5.5.0 20171010;64;1;0.00837421;93;0.102298;90;0.0809722;90;0.362319;3600;24.4074;40;0.00658464;40;0.000141621;40;1.38283e-05;2;6.91414e-05;40;1.27358;40;0.508807;3;0.508792;1;0.716805;40;1.27403;40;2.92839;1;1.38283e-05;93;0.157669;93;0.296625;40;0.426195;1;304.167;261;302.499;40;0.393123;80;1.27445;40;134.244;50000;20.2607;25000;0.587261;40;0.349846;1;0.157618;1;490.678;1;161.344;40;304.447;40;24.8829;40;0.00336432;40;none;lu;100.000000;0.002;0.004;2.5;0.004;1;90;100;normal;none;cg;1416744960;4096;155328512;2203111424;90;1;10000;none;gmres;0;9.16498e-07;ramp_for_visualization;200.17;1480;13200;1479;11552;1480;13200;40;10000;
2019/11/8 11:25:18;neon;opendihu 1.0, build Nov  8 2019 10:50:51, C++ 201402, GCC 5.5.0 20171010;64;2;0.00838256;93;0.11251;90;0.0769293;90;0.37261;3600;16.2938;40;0.00652099;40;0.00014782;40;1.00136e-05;2;5.67436e-05;40;1.27334;40;0.508806;3;0.508793;1;0.716853;40;1.27378;40;2.87518;1;9.77516e-06;93;0.156346;93;0.296788;40;0.426153;1;313.513;261;311.814;40;0.424191;80;1.27422;40;133.627;50000;20.1881;25000;0.587816;40;0.338335;1;0.15225;1;490.858;1;160.301;40;313.763;40;16.7902;40;0.00296021;40;none;lu;100.000000;0.002;0.004;2.5;0.004;1;90;100;normal;none;cg;1416761344;4096;155574272;2203127808;90;1;10000;none;gmres;0;9.16498e-07;ramp_for_visualization;192.64;1480;13200;1479;11552;1480;13200;40;10000;
2019/11/8 11:25:18;neon;opendihu 1.0, build Nov  8 2019 10:50:51, C++ 201402, GCC 5.5.0 20171010;64;3;0.00840569;93;0.133818;90;0.0754507;90;0.357714;3600;2.63822;40;0.00646281;40;2.1305;80;1.4782e-05;4;0.145194;80;1.27491;80;0.50895;6;0.508926;2;0.841168;80;3.55232;80;2.87722;1;1.81198e-05;93;0.157047;93;0.29773;40;0.42624;1;318.297;301;314.312;40;0.430762;80;3.55323;80;135.015;50000;20.2692;25000;13.6887;40;0.341417;1;0.152003;1;490.95;1;156.163;40;331.643;40;3.14068;40;0.00290775;40;none;lu;100.000000;0.002;0.004;2.5;0.004;1;90;100;normal;none;cg;1416749056;4096;155693056;2203115520;90;1;10000;none;gmres;0;9.16498e-07;ramp_for_visualization;188.66;1480;13200;1479;11552;1480;13200;40;10000;
2019/11/8 11:25:18;neon;opendihu 1.0, build Nov  8 2019 10:50:51, C++ 201402, GCC 5.5.0 20171010;64;4;0.00839329;93;0.10448;90;0.0750856;90;0.383194;3600;14.6874;40;0.00641322;40;0.000133514;40;7.15256e-06;2;6.60419e-05;40;1.27309;40;0.508654;3;0.50864;1;0.717003;40;1.2739;40;2.88448;1;1.52588e-05;93;0.156202;93;0.324991;40;0.426169;1;318.425;261;316.671;40;0.479262;80;1.27432;40;133.65;50000;20.2579;25000;0.979175;40;0.335455;1;0.149448;1;490.972;1;156.767;40;319.014;40;15.1861;40;0.00354743;40;none;lu;100.000000;0.002;0.004;2.5;0.004;1;90;100;normal;none;cg;1416720384;4096;155353088;2203086848;90;1;10000;none;gmres;0;9.16498e-07;ramp_for_visualization;186.16;1480;13200;1479;11552;1480;13200;40;10000;
2019/11/8 11:25:18;neon;opendihu 1.0, build Nov  8 2019 10:50:51, C++ 201402, GCC 5.5.0 20171010;64;5;0.00836563;84;0.08444;81;0.0689514;81;0.340885;3240;40.8139;40;0.00536156;40;0.000123978;40;7.86781e-06;2;6.58035e-05;40;1.27377;40;0.508812;3;0.508799;1;0.716959;40;1.27422;40;2.89227;1;2.02656e-05;84;0.153653;84;0.0356007;40;0.42622;1;306.833;243;304.657;40;0.900076;80;1.27466;40;121.65;50000;18.4604;25000;0.586618;40;0.31078;1;0.139683;1;490.748;1;142.886;40;306.61;40;41.248;40;0.00284958;40;none;lu;100.000000;0.002;0.004;2.5;0.004;1;81;100;normal;none;cg;1409015808;4096;149123072;2195382272;81;1;10000;none;gmres;0;9.16498e-07;ramp_for_visualization;198.57;1480;13200;1479;11552;1480;13200;40;10000;
2019/11/8 11:25:18;neon;opendihu 1.0, build Nov  8 2019 10:50:51, C++ 201402, GCC 5.5.0 20171010;64;6;0.00837207;84;0.0972917;81;0.0656171;81;0.340342;3240;24.0216;40;0.00531721;40;0.000131845;40;6.91414e-06;2;6.74725e-05;40;1.27353;40;0.508667;3;0.508654;1;0.717033;40;1.27413;40;2.87595;1;1.38283e-05;84;0.152676;84;0.0363917;40;0.426231;1;313.771;243;311.922;40;0.574113;80;1.27457;40;122.441;50000;18.4529;25000;0.587218;40;0.300441;1;0.132095;1;490.866;1;152.518;40;313.877;40;24.4674;40;0.00309277;40;none;lu;100.000000;0.002;0.004;2.5;0.004;1;81;100;normal;none;cg;1409032192;4096;149442560;2195398656;81;1;10000;none;gmres;0;9.16498e-07;ramp_for_visualization;191.68;1480;13200;1479;11552;1480;13200;40;10000;
2019/11/8 11:25:18;neon;opendihu 1.0, build Nov  8 2019 10:50:51, C++ 201402, GCC 5.5.0 20171010;64;7;0.00839782;84;0.109963;81;0.071552;81;0.3395;3240;7.21929;40;0.00521517;40;1.199;80;1.71661e-05;4;0.187533;80;1.27498;80;0.508774;6;0.508748;2;0.84131;80;2.6635;80;2.87726;1;1.35899e-05;84;0.153774;84;0.0377579;40;0.426194;1;318.378;283;315.195;40;0.517348;80;2.66438;80;132.702;50000;18.4778;25000;13.4921;40;0.316105;1;0.141955;1;490.95;1;151.824;40;331.446;40;7.6768;40;0.00261235;40;none;lu;100.000000;0.002;0.004;2.5;0.004;1;81;100;normal;none;cg;1408987136;4096;147804160;2195353600;81;1;10000;none;gmres;0;9.16498e-07;ramp_for_visualization;187.94;1480;13200;1479;11552;1480;13200;40;10000;
2019/11/8 11:25:18;neon;opendihu 1.0, build Nov  8 2019 10:50:51, C++ 201402, GCC 5.5.0 20171010;64;8;0.00841689;93;0.118297;90;0.0739441;90;0.38194;3600;17.0601;40;0.00522065;40;0.000153542;40;1.12057e-05;2;7.00951e-05;40;1.27357;40;0.508795;3;0.508781;1;0.717054;40;1.27402;40;2.88307;1;1.45435e-05;93;0.156263;93;0.32534;40;0.426238;1;318.896;261;317.107;40;0.513443;80;1.27445;40;131.229;50000;20.1964;25000;0.979144;40;0.333017;1;0.148347;1;490.978;1;153.947;40;319.457;40;17.5702;40;0.00337052;40;none;lu;100.000000;0.002;0.004;2.5;0.004;1;90;100;normal;none;cg;1416704000;4096;155967488;2203070464;90;1;10000;none;gmres;0;9.16498e-07;ramp_for_visualization;188.2;1480;13200;1479;11552;1480;13200;40;10000;
2019/11/8 11:25:18;neon;opendihu 1.0, build Nov  8 2019 10:50:51, C++ 201402, GCC 5.5.0 20171010;64;9;0.00836277;84;0.386044;81;0.0682881;81;0.334047;3240;36.6604;40;0.00513744;40;0.000151873;40;1.40667e-05;2;6.98566e-05;40;1.27383;40;0.508824;3;0.508809;1;0.716942;40;1.27429;40;2.98158;1;2.02656e-05;84;0.153116;84;0.035969;40;0.42624;1;306.263;243;304.219;40;0.768704;80;1.2747;40;127.054;50000;18.4389;25000;0.338531;40;0.305011;1;0.13479;1;490.733;1;147.409;40;305.93;40;37.3896;40;0.00296068;40;none;lu;100.000000;0.002;0.004;2.5;0.004;1;81;100;normal;none;cg;1409015808;4096;149278720;2195382272;81;1;10000;none;gmres;0;9.16498e-07;ramp_for_visualization;198.43;1480;13200;1479;11552;1480;13200;40;10000;
2019/11/8 11:25:18;neon;opendihu 1.0, build Nov  8 2019 10:50:51, C++ 201402, GCC 5.5.0 20171010;64;10;0.00839782;84;0.676551;81;0.0674365;81;0.335899;3240;35.1755;40;0.00512314;40;0.000142574;40;6.91414e-06;2;6.58035e-05;40;1.27328;40;0.508724;3;0.508712;1;0.717059;40;1.274;40;2.87495;1;1.35899e-05;84;0.152812;84;0.0353689;40;0.426236;1;313.79;243;311.566;40;0.948483;80;1.27444;40;120.772;50000;18.4434;25000;0.049906;40;0.300576;1;0.132872;1;490.854;1;141.664;40;312.99;40;36.1966;40;0.00291848;40;none;lu;100.000000;0.002;0.004;2.5;0.004;1;81;100;normal;none;cg;1409044480;4096;149139456;2195410944;81;1;10000;none;gmres;0;9.16498e-07;ramp_for_visualization;191.49;1480;13200;1479;11552;1480;13200;40;10000;
2019/11/8 11:25:18;neon;opendihu 1.0, build Nov  8 2019 10:50:51, C++ 201402, GCC 5.5.0 20171010;64;11;0.00838017;84;0.113032;81;0.0734406;81;0.347596;3240;16.0653;40;0.00502706;40;0.669871;80;1.78814e-05;4;0.234733;80;1.27496;80;0.508906;6;0.508885;2;0.841345;80;2.18121;80;2.90913;1;2.0504e-05;84;0.1538;84;0.0371454;40;0.426106;1;318.609;283;315.671;40;0.755015;80;2.18203;80;123.453;50000;18.4734;25000;12.9499;40;0.316131;1;0.143486;1;490.95;1;143.508;40;330.904;40;16.5339;40;0.00269222;40;none;lu;100.000000;0.002;0.004;2.5;0.004;1;81;100;normal;none;cg;1408991232;4096;148115456;2195357696;81;1;10000;none;gmres;0;9.16498e-07;ramp_for_visualization;187.53;1480;13200;1479;11552;1480;13200;40;10000;
2019/11/8 11:25:18;neon;opendihu 1.0, build Nov  8 2019 10:50:51, C++ 201402, GCC 5.5.0 20171010;64;12;0.00838637;93;0.121048;90;0.073278;90;0.376752;3600;2.86117;40;0.00499368;40;0.000144005;40;6.91414e-06;2;7.03335e-05;40;1.27363;40;0.508726;3;0.508707;1;0.717056;40;1.27407;40;3.00399;1;1.71661e-05;93;0.15604;93;0.326489;40;0.426206;1;318.456;261;316.606;40;0.575163;80;1.27454;40;131.408;50000;20.2016;25000;14.8286;40;0.329645;1;0.145507;1;490.967;1;154.784;40;332.811;40;3.36746;40;0.0031147;40;none;lu;100.000000;0.002;0.004;2.5;0.004;1;90;100;normal;none;cg;1416957952;4096;154693632;2203324416;90;1;10000;none;gmres;0;9.16498e-07;ramp_for_visualization;186.15;1480;13200;1479;11552;1480;13200;40;10000;
2019/11/8 11:25:18;neon;opendihu 1.0, build Nov  8 2019 10:50:51, C++ 201402, GCC 5.5.0 20171010;64;13;0.00836277;84;0.0975151;81;0.0702891;81;0.334004;3240;28.4627;40;0.00495028;40;0.000143766;40;7.15256e-06;2;6.17504e-05;40;1.27383;40;0.508872;3;0.508858;1;0.716941;40;1.27433;40;2.96751;1;1.28746e-05;84;0.154004;84;0.0372648;40;0.426237;1;304.884;243;302.702;40;0.90684;80;1.27477;40;121.417;50000;18.4725;25000;14.5612;40;0.317071;1;0.141103;1;490.734;1;143.185;40;318.642;40;28.9024;40;0.00364947;40;none;lu;100.000000;0.002;0.004;2.5;0.004;1;81;100;normal;none;cg;1408962560;4096;147300352;2195329024;81;1;10000;none;gmres;0;9.16498e-07;ramp_for_visualization;200.24;1480;13200;1479;11552;1480;13200;40;10000;
2019/11/8 11:25:18;neon;opendihu 1.0, build Nov  8 2019 10:50:51, C++ 201402, GCC 5.5.0 20171010;64;14;0.00839019;84;0.104068;81;0.0666587;81;0.336477;3240;19.8789;40;0.00491023;40;0.000132084;40;7.15256e-06;2;6.07967e-05;40;1.2736;40;0.508726;3;0.508713;1;0.71703;40;1.27414;40;2.88044;1;1.04904e-05;84;0.153405;84;0.0367384;40;0.426262;1;312.751;243;310.625;40;0.850274;80;1.2746;40;121.416;50000;18.43;25000;13.9636;40;0.305766;1;0.134517;1;490.801;1;144.501;40;325.968;40;20.3278;40;0.00285554;40;none;lu;100.000000;0.002;0.004;2.5;0.004;1;81;100;normal;none;cg;1408970752;4096;147202048;2195337216;81;1;10000;none;gmres;0;9.16498e-07;ramp_for_visualization;192.54;1480;13200;1479;11552;1480;13200;40;10000;
2019/11/8 11:25:18;neon;opendihu 1.0, build Nov  8 2019 10:50:51, C++ 201402, GCC 5.5.0 20171010;64;15;0.00837564;84;0.236822;81;0.0712721;81;0.326149;3240;12.6091;40;0.00471258;40;2.23763;80;1.50204e-05;4;0.683034;80;1.27498;80;0.508837;6;0.508815;2;0.841341;80;4.19702;80;2.8785;1;1.57356e-05;84;0.153798;84;0.0372491;40;0.426231;1;318.591;283;313.65;40;0.743031;80;4.19793;80;121.115;50000;18.4539;25000;19.3625;40;0.320274;1;0.143886;1;490.898;1;140.451;40;337.317;40;13.1274;40;0.00260067;40;none;lu;100.000000;0.002;0.004;2.5;0.004;1;81;100;normal;none;cg;1408983040;4096;147111936;2195349504;81;1;10000;none;gmres;0;9.16498e-07;ramp_for_visualization;188.91;1480;13200;1479;11552;1480;13200;40;10000;
2019/11/8 11:25:18;neon;opendihu 1.0, build Nov  8 2019 10:50:51, C++ 201402, GCC 5.5.0 20171010;64;16;0.00839972;103;0.132081;100;0.0831645;100;0.401871;4000;0.0181291;40;0.0051856;40;0.000150204;40;6.91414e-06;2;6.7234e-05;40;1.27344;40;0.508895;3;0.508879;1;0.717032;40;1.27404;40;3.00757;1;1.50204e-05;103;0.160616;103;0.572609;40;0.426238;1;318.154;281;316.718;40;0.16112;80;1.27445;40;146.561;50000;21.9694;25000;0.972156;40;0.374584;1;0.166436;1;490.969;1;171.33;40;319.073;40;0.561762;40;0.00357676;40;none;lu;100.000000;0.002;0.004;2.5;0.004;1;100;100;normal;none;cg;1418285056;4096;171376640;2204651520;100;1;10000;none;gmres;0;9.16498e-07;ramp_for_visualization;186.82;1480;13200;1480;1479;11552;1479;1480;13200;1480;40;10000;
2019/11/8 11:25:18;neon;opendihu 1.0, build Nov  8 2019 10:50:51, C++ 201402, GCC 5.5.0 20171010;64;17;0.00840449;93;0.100169;90;0.077199;90;0.3586;3600;24.4205;40;0.00373816;40;0.000144958;40;1.0252e-05;2;5.45979e-05;40;1.27382;40;0.508886;3;0.508871;1;0.716961;40;1.27427;40;2.99549;1;1.50204e-05;93;0.157702;93;0.0308633;40;0.426092;1;306.47;261;304.776;40;0.419554;80;1.27471;40;135.702;50000;20.1901;25000;0.579167;40;0.346062;1;0.153821;1;490.722;1;159.091;40;306.739;40;24.8882;40;0.00308084;40;none;lu;100.000000;0.002;0.004;2.5;0.004;1;90;100;normal;none;cg;1408282624;4096;163524608;2194649088;90;1;10000;none;gmres;0;9.16498e-07;ramp_for_visualization;198.65;1480;13200;1479;11552;1480;13200;40;10000;
2019/11/8 11:25:18;neon;opendihu 1.0, build Nov  8 2019 10:50:51, C++ 201402, GCC 5.5.0 20171010;64;18;0.00838184;93;0.415481;90;0.077024;90;0.371274;3600;16.2774;40;0.00462723;40;0.000156164;40;8.10623e-06;2;6.77109e-05;40;1.27359;40;0.508886;3;0.508873;1;0.717042;40;1.27411;40;2.87459;1;1.16825e-05;93;0.156345;93;0.0326655;40;0.426091;1;313.465;261;311.739;40;0.450014;80;1.27454;40;138.842;50000;20.1964;25000;0.302097;40;0.338161;1;0.152079;1;490.866;1;160.361;40;313.427;40;17.0741;40;0.00335145;40;none;lu;100.000000;0.002;0.004;2.5;0.004;1;90;100;normal;none;cg;1408315392;4096;162410496;2194681856;90;1;10000;none;gmres;0;9.16498e-07;ramp_for_visualization;190.72;1480;13200;1479;11552;1480;13200;40;10000;
2019/11/8 11:25:18;neon;opendihu 1.0, build Nov  8 2019 10:50:51, C++ 201402, GCC 5.5.0 20171010;64;19;0.00837588;93;0.0989778;90;0.0757675;90;0.357785;3600;2.96234;40;0.00450969;40;0.243544;80;1.69277e-05;4;0.152122;80;1.27497;80;0.50891;6;0.508887;2;0.841273;80;1.67245;80;2.89253;1;2.09808e-05;93;0.157052;93;0.0336897;40;0.426072;1;318.299;301;316.168;40;0.45696;80;1.67326;80;134.675;50000;20.2202;25000;13.399;40;0.341751;1;0.152252;1;490.951;1;156.165;40;331.353;40;3.4285;40;0.00312853;40;none;lu;100.000000;0.002;0.004;2.5;0.004;1;90;100;normal;none;cg;1408397312;4096;161755136;2194763776;90;1;10000;none;gmres;0;9.16498e-07;ramp_for_visualization;187.12;1480;13200;1479;11552;1480;13200;40;10000;
2019/11/8 11:25:18;neon;opendihu 1.0, build Nov  8 2019 10:50:51, C++ 201402, GCC 5.5.0 20171010;64;20;0.00838423;93;0.101752;90;0.0735528;90;0.371884;3600;14.7091;40;0.00442433;40;0.000145674;40;7.86781e-06;2;5.62668e-05;40;1.27376;40;0.50874;3;0.508727;1;0.717063;40;1.27427;40;2.94025;1;1.43051e-05;93;0.156193;93;0.322023;40;0.426244;1;318.552;261;316.771;40;0.50533;80;1.27471;40;134.868;50000;20.2167;25000;0.971854;40;0.334428;1;0.148419;1;490.976;1;156.65;40;319.132;40;15.1915;40;0.00252771;40;none;lu;100.000000;0.002;0.004;2.5;0.004;1;90;100;normal;none;cg;1408135168;4096;162897920;2194501632;90;1;10000;none;gmres;0;9.16498e-07;ramp_for_visualization;186.4;1480;13200;1479;11552;1480;13200;40;10000;
2019/11/8 11:25:18;neon;opendihu 1.0, build Nov  8 2019 10:50:51, C++ 201402, GCC 5.5.0 20171010;64;21;0.00837922;84;0.0906174;81;0.0665083;81;0.339007;3240;40.817;40;0.00390172;40;0.000145674;40;1.00136e-05;2;6.79493e-05;40;1.27347;40;0.508741;3;0.508726;1;0.716997;40;1.27428;40;2.83738;1;1.43051e-05;84;0.153687;84;0.028223;40;0.426157;1;306.482;243;304.28;40;0.926391;80;1.27471;40;115.909;50000;17.5768;25000;0.578538;40;0.308466;1;0.137403;1;490.739;1;143.232;40;306.25;40;41.2542;40;0.00268722;40;none;lu;100.000000;0.002;0.004;2.5;0.004;1;81;100;normal;none;cg;1399463936;4096;155672576;2185830400;81;1;10000;none;gmres;0;9.16498e-07;ramp_for_visualization;198.59;1480;13200;1479;11552;1480;13200;40;10000;
2019/11/8 11:25:18;neon;opendihu 1.0, build Nov  8 2019 10:50:51, C++ 201402, GCC 5.5.0 20171010;64;22;0.0083797;84;0.0841014;81;0.0675695;81;0.336663;3240;24.3231;40;0.00365615;40;0.000144243;40;8.82149e-06;2;6.10352e-05;40;1.27385;40;0.508752;3;0.50874;1;0.717139;40;1.27429;40;2.87493;1;1.81198e-05;84;0.152666;84;0.0298617;40;0.426204;1;313.45;243;311.574;40;0.600509;80;1.27472;40;115.773;50000;17.5508;25000;0.301542;40;0.302324;1;0.133979;1;490.866;1;152.843;40;313.268;40;24.7514;40;0.0030508;40;none;lu;100.000000;0.002;0.004;2.5;0.004;1;81;100;normal;none;cg;1399566336;4096;155807744;2185932800;81;1;10000;none;gmres;0;9.16498e-07;ramp_for_visualization;191.25;1480;13200;1479;11552;1480;13200;40;10000;
2019/11/8 11:25:18;neon;opendihu 1.0, build Nov  8 2019 10:50:51, C++ 201402, GCC 5.5.0 20171010;64;23;0.00839615;84;0.0755529;81;0.0695317;81;0.351574;3240;7.52983;40;0.00348139;40;0.412036;80;1.4782e-05;4;0.213833;80;1.27529;80;0.508901;6;0.508879;2;0.841286;80;1.90291;80;2.88422;1;1.33514e-05;84;0.153774;84;0.0331452;40;0.426237;1;318.38;283;315.931;40;0.543738;80;1.90373;80;116.261;50000;17.6294;25000;13.2023;40;0.31444;1;0.140171;1;490.952;1;151.827;40;331.157;40;7.96475;40;0.00303912;40;none;lu;100.000000;0.002;0.004;2.5;0.004;1;81;100;normal;none;cg;1399742464;4096;154914816;2186108928;81;1;10000;none;gmres;0;9.16498e-07;ramp_for_visualization;187.55;1480;13200;1479;11552;1480;13200;40;10000;
2019/11/8 11:25:18;neon;opendihu 1.0, build Nov  8 2019 10:50:51, C++ 201402, GCC 5.5.0 20171010;64;24;0.00838184;93;0.09075;90;0.0764992;90;0.382729;3600;17.0938;40;0.0034678;40;0.000133753;40;7.15256e-06;2;6.7234e-05;40;1.27341;40;0.508943;3;0.508928;1;0.717061;40;1.27388;40;2.90931;1;1.88351e-05;93;0.156252;93;0.321785;40;0.426233;1;318.288;261;316.473;40;0.539993;80;1.27432;40;132.57;50000;20.2305;25000;0.972175;40;0.335613;1;0.150939;1;490.975;1;154.555;40;318.84;40;17.5754;40;0.0034132;40;none;lu;100.000000;0.002;0.004;2.5;0.004;1;90;100;normal;none;cg;1408155648;4096;162676736;2194522112;90;1;10000;none;gmres;0;9.16498e-07;ramp_for_visualization;186.92;1480;13200;1479;11552;1480;13200;40;10000;
2019/11/8 11:25:18;neon;opendihu 1.0, build Nov  8 2019 10:50:51, C++ 201402, GCC 5.5.0 20171010;64;25;0.00835061;84;0.07781;81;0.0660775;81;0.340379;3240;36.9689;40;0.00353861;40;0.000135899;40;9.05991e-06;2;6.05583e-05;40;1.27397;40;0.50893;3;0.508916;1;0.717003;40;1.2745;40;2.88492;1;1.3113e-05;84;0.153103;84;0.0294557;40;0.426159;1;306.948;243;304.878;40;0.79471;80;1.27496;40;116.024;50000;17.5661;25000;0.330612;40;0.302717;1;0.132494;1;490.709;1;146.704;40;306.606;40;37.3955;40;0.0027945;40;none;lu;100.000000;0.002;0.004;2.5;0.004;1;81;100;normal;none;cg;1399599104;4096;155766784;2185965568;81;1;10000;none;gmres;0;9.16498e-07;ramp_for_visualization;198.46;1480;13200;1479;11552;1480;13200;40;10000;
2019/11/8 11:25:18;neon;opendihu 1.0, build Nov  8 2019 10:50:51, C++ 201402, GCC 5.5.0 20171010;64;26;0.00837231;84;0.650489;81;0.0662684;81;0.335634;3240;35.2083;40;0.00353098;40;0.000142813;40;6.91414e-06;2;5.50747e-05;40;1.27333;40;0.508779;3;0.508767;1;0.717085;40;1.27414;40;2.87727;1;1.95503e-05;84;0.152791;84;0.0305426;40;0.426236;1;313.592;243;311.342;40;0.974537;80;1.27459;40;114.419;50000;17.5492;25000;0.0419619;40;0.299541;1;0.131837;1;490.846;1;141.856;40;312.782;40;36.2028;40;0.00311065;40;none;lu;100.000000;0.002;0.004;2.5;0.004;1;81;100;normal;none;cg;1399480320;4096;155635712;2185846784;81;1;10000;none;gmres;0;9.16498e-07;ramp_for_visualization;191.66;1480;13200;1479;11552;1480;13200;40;10000;
2019/11/8 11:25:18;neon;opendihu 1.0, build Nov  8 2019 10:50:51, C++ 201402, GCC 5.5.0 20171010;64;27;0.00838017;84;0.0819185;81;0.0713205;81;0.346892;3240;16.1023;40;0.00329924;40;0.26884;80;1.57356e-05;4;0.249653;80;1.27494;80;0.509046;6;0.509024;2;0.841352;80;1.79512;80;2.87833;1;1.90735e-05;84;0.153868;84;0.0326846;40;0.426088;1;318.611;283;316.033;40;0.781421;80;1.79594;80;116.964;50000;17.6181;25000;12.9431;40;0.314801;1;0.142179;1;490.952;1;143.512;40;330.897;40;16.5389;40;0.00283074;40;none;lu;100.000000;0.002;0.004;2.5;0.004;1;81;100;normal;none;cg;1399746560;4096;154476544;2186113024;81;1;10000;none;gmres;0;9.16498e-07;ramp_for_visualization;187.1;1480;13200;1479;11552;1480;13200;40;10000;
2019/11/8 11:25:18;neon;opendihu 1.0, build Nov  8 2019 10:50:51, C++ 201402, GCC 5.5.0 20171010;64;28;0.008394;93;0.0926676;90;0.0717993;90;0.369498;3600;2.8993;40;0.0032413;40;0.00013566;40;9.05991e-06;2;6.77109e-05;40;1.27367;40;0.508882;3;0.508858;1;0.717101;40;1.27426;40;2.89628;1;2.0504e-05;93;0.156045;93;0.324376;40;0.426174;1;318.532;261;316.655;40;0.601593;80;1.27466;40;132.923;50000;20.2256;25000;14.8249;40;0.328119;1;0.143979;1;490.971;1;154.715;40;332.882;40;3.36945;40;0.00343084;40;none;lu;100.000000;0.002;0.004;2.5;0.004;1;90;100;normal;none;cg;1407967232;4096;160907264;2194333696;90;1;10000;none;gmres;0;9.16498e-07;ramp_for_visualization;186.58;1480;13200;1479;11552;1480;13200;40;10000;
2019/11/8 11:25:18;neon;opendihu 1.0, build Nov  8 2019 10:50:51, C++ 201402, GCC 5.5.0 20171010;64;29;0.00838351;84;0.0722859;81;0.0696447;81;0.33111;3240;28.4925;40;0.00333762;40;0.000131845;40;7.86781e-06;2;6.58035e-05;40;1.2737;40;0.508849;3;0.508835;1;0.717046;40;1.27444;40;2.90664;1;1.3113e-05;84;0.154147;84;0.0326107;40;0.426176;1;306.045;243;303.836;40;0.933595;80;1.27487;40;116.816;50000;17.5746;25000;14.5577;40;0.316454;1;0.140663;1;490.676;1;141.97;40;319.798;40;28.904;40;0.00322485;40;none;lu;100.000000;0.002;0.004;2.5;0.004;1;81;100;normal;none;cg;1399083008;4096;153657344;2185449472;81;1;10000;none;gmres;0;9.16498e-07;ramp_for_visualization;199.77;1480;13200;1479;11552;1480;13200;40;10000;
2019/11/8 11:25:18;neon;opendihu 1.0, build Nov  8 2019 10:50:51, C++ 201402, GCC 5.5.0 20171010;64;30;0.0083642;84;0.0698316;81;0.0673604;81;0.333185;3240;19.9169;40;0.0032804;40;0.0001266;40;6.91414e-06;2;5.79357e-05;40;1.27364;40;0.508875;3;0.508862;1;0.717055;40;1.27419;40;2.87787;1;2.55108e-05;84;0.153399;84;0.0326414;40;0.42624;1;313.612;243;311.459;40;0.877131;80;1.27466;40;114.946;50000;17.5485;25000;13.9612;40;0.3065;1;0.135246;1;490.865;1;143.707;40;326.825;40;20.3284;40;0.00309682;40;none;lu;100.000000;0.002;0.004;2.5;0.004;1;81;100;normal;none;cg;1399091200;4096;153538560;2185457664;81;1;10000;none;gmres;0;9.16498e-07;ramp_for_visualization;192.23;1480;13200;1479;11552;1480;13200;40;10000;
2019/11/8 11:25:18;neon;opendihu 1.0, build Nov  8 2019 10:50:51, C++ 201402, GCC 5.5.0 20171010;64;31;0.00837302;84;0.0779996;81;0.0683796;81;0.327498;3240;12.7255;40;0.0030117;40;0.788287;80;1.62125e-05;4;0.699175;80;1.27504;80;0.509045;6;0.509021;2;0.84136;80;2.76391;80;2.99681;1;1.40667e-05;84;0.153795;84;0.0336108;40;0.426233;1;318.593;283;315.057;40;0.770288;80;2.76484;80;115.688;50000;17.5937;25000;19.3501;40;0.317132;1;0.140619;1;490.952;1;140.506;40;337.304;40;13.138;40;0.00292087;40;none;lu;100.000000;0.002;0.004;2.5;0.004;1;81;100;normal;none;cg;1399455744;4096;153182208;2185822208;81;1;10000;none;gmres;0;9.16498e-07;ramp_for_visualization;188.54;1480;13200;1479;11552;1480;13200;40;10000;
2019/11/8 11:25:18;neon;opendihu 1.0, build Nov  8 2019 10:50:51, C++ 201402, GCC 5.5.0 20171010;64;32;0.00841379;103;0.114614;100;0.0847621;100;0.402061;4000;0.035764;40;0.003335;40;0.000151157;40;8.10623e-06;2;6.17504e-05;40;1.27342;40;0.509953;3;0.50994;1;0.717132;40;1.27416;40;2.87971;1;2.02656e-05;103;0.160629;103;0.442287;40;0.426236;1;317.952;281;316.488;40;0.188583;80;1.27463;40;147.39;50000;21.9996;25000;0.97148;40;0.376491;1;0.168339;1;490.976;1;171.542;40;318.868;40;0.56074;40;0.00375533;40;none;lu;100.000000;0.002;0.004;2.5;0.004;1;100;100;normal;none;cg;1417916416;4096;171171840;2204282880;100;1;10000;none;gmres;0;9.16498e-07;ramp_for_visualization;187.5;1480;13200;1480;1479;11552;1479;1480;13200;1480;40;10000;
2019/11/8 11:25:18;neon;opendihu 1.0, build Nov  8 2019 10:50:51, C++ 201402, GCC 5.5.0 20171010;64;33;0.00837064;93;0.0836258;90;0.0785747;90;0.360352;3600;24.4349;40;0.00281286;40;0.000145674;40;1.09673e-05;2;6.62804e-05;40;1.27355;40;0.509025;3;0.50901;1;0.71682;40;1.274;40;2.9702;1;1.78814e-05;93;0.157673;93;0.00930095;40;0.426097;1;306.32;261;304.598;40;0.447236;80;1.27443;40;135.185;50000;19.4119;25000;0.578397;40;0.347535;1;0.155432;1;490.714;1;159.236;40;306.587;40;24.8876;40;0.00284362;40;none;lu;100.000000;0.002;0.004;2.5;0.004;1;90;100;normal;none;cg;1408225280;4096;162779136;2194591744;90;1;10000;none;gmres;0;9.16498e-07;ramp_for_visualization;198.59;1480;13200;1479;11552;1480;13200;40;10000;
2019/11/8 11:25:18;neon;opendihu 1.0, build Nov  8 2019 10:50:51, C++ 201402, GCC 5.5.0 20171010;64;34;0.00838494;93;0.675499;90;0.0735307;90;0.371062;3600;16.2779;40;0.00319123;40;0.000137806;40;7.86781e-06;2;5.91278e-05;40;1.27364;40;0.508923;3;0.508909;1;0.716989;40;1.27407;40;2.87646;1;1.66893e-05;93;0.156351;93;0.0100658;40;0.426238;1;312.792;261;311.039;40;0.477742;80;1.27448;40;125.581;50000;19.3066;25000;0.0396628;40;0.334666;1;0.148587;1;490.857;1;161.028;40;312.49;40;17.3347;40;0.0035038;40;none;lu;100.000000;0.002;0.004;2.5;0.004;1;90;100;normal;none;cg;1408106496;4096;162975744;2194472960;90;1;10000;none;gmres;0;9.16498e-07;ramp_for_visualization;191.7;1480;13200;1479;11552;1480;13200;40;10000;
2019/11/8 11:25:18;neon;opendihu 1.0, build Nov  8 2019 10:50:51, C++ 201402, GCC 5.5.0 20171010;64;35;0.00838923;93;0.08096;90;0.0749183;90;0.366884;3600;3.23275;40;0.00283527;40;0.353357;80;1.93119e-05;4;0.200846;80;1.27511;80;0.509242;6;0.509218;2;0.841293;80;1.83098;80;2.90091;1;1.78814e-05;93;0.156977;93;0.0121169;40;0.42624;1;318.301;301;315.984;40;0.484596;80;1.83182;80;128.408;50000;19.3428;25000;13.1358;40;0.340917;1;0.15157;1;490.953;1;156.169;40;331.09;40;3.68993;40;0.00291729;40;none;lu;100.000000;0.002;0.004;2.5;0.004;1;90;100;normal;none;cg;1408331776;4096;162045952;2194698240;90;1;10000;none;gmres;0;9.16498e-07;ramp_for_visualization;186.96;1480;13200;1479;11552;1480;13200;40;10000;
2019/11/8 11:25:18;neon;opendihu 1.0, build Nov  8 2019 10:50:51, C++ 201402, GCC 5.5.0 20171010;64;36;0.00838876;93;0.0784087;90;0.0735118;90;0.376297;3600;14.7271;40;0.0032599;40;0.000138044;40;1.21593e-05;2;5.96046e-05;40;1.27347;40;0.508945;3;0.508925;1;0.717011;40;1.27393;40;2.92266;1;1.50204e-05;93;0.156212;93;0.318537;40;0.426243;1;317.656;261;315.847;40;0.533532;80;1.27436;40;125.043;50000;19.3179;25000;0.971081;40;0.334446;1;0.148436;1;490.978;1;157.55;40;318.233;40;15.1904;40;0.00332808;40;none;lu;100.000000;0.002;0.004;2.5;0.004;1;90;100;normal;none;cg;1408221184;4096;162525184;2194587648;90;1;10000;none;gmres;0;9.16498e-07;ramp_for_visualization;187.53;1480;13200;1479;11552;1480;13200;40;10000;
2019/11/8 11:25:18;neon;opendihu 1.0, build Nov  8 2019 10:50:51, C++ 201402, GCC 5.5.0 20171010;64;37;0.00836635;84;0.0674138;81;0.0679688;81;0.333338;3240;40.8451;40;0.00313687;40;0.000143528;40;7.15256e-06;2;6.84261e-05;40;1.27365;40;0.509009;3;0.508997;1;0.716973;40;1.27433;40;2.88263;1;1.5974e-05;84;0.153651;84;0.00784302;40;0.426089;1;307.29;243;305.061;40;0.953257;80;1.27475;40;122.096;50000;17.5625;25000;0.577794;40;0.309824;1;0.138769;1;490.748;1;142.434;40;307.056;40;41.2541;40;0.00279665;40;none;lu;100.000000;0.002;0.004;2.5;0.004;1;81;100;normal;none;cg;1399599104;4096;156164096;2185965568;81;1;10000;none;gmres;0;9.16498e-07;ramp_for_visualization;199.01;1480;13200;1479;11552;1480;13200;40;10000;
2019/11/8 11:25:18;neon;opendihu 1.0, build Nov  8 2019 10:50:51, C++ 201402, GCC 5.5.0 20171010;64;38;0.0083673;84;0.0692692;81;0.0669274;81;0.345235;3240;24.5902;40;0.00317383;40;0.00013566;40;7.86781e-06;2;5.93662e-05;40;1.27367;40;0.508935;3;0.508922;1;0.717065;40;1.27414;40;2.87752;1;1.50204e-05;84;0.152672;84;0.0089612;40;0.426103;1;314.15;243;312.247;40;0.627856;80;1.27457;40;118.073;50000;17.6017;25000;0.0388534;40;0.301804;1;0.133454;1;490.866;1;152.145;40;313.704;40;25.0132;40;0.00291228;40;none;lu;100.000000;0.002;0.004;2.5;0.004;1;81;100;normal;none;cg;1399627776;4096;155963392;2185994240;81;1;10000;none;gmres;0;9.16498e-07;ramp_for_visualization;191;1480;13200;1479;11552;1480;13200;40;10000;
2019/11/8 11:25:18;neon;opendihu 1.0, build Nov  8 2019 10:50:51, C++ 201402, GCC 5.5.0 20171010;64;39;0.008389;84;0.0663271;81;0.0722795;81;0.335499;3240;7.8177;40;0.0026319;40;0.519098;80;1.52588e-05;4;0.260687;80;1.27475;80;0.509097;6;0.509074;2;0.841372;80;2.05663;80;2.89268;1;1.12057e-05;84;0.153702;84;0.0110829;40;0.426233;1;318.381;283;315.751;40;0.571638;80;2.05746;80;115.608;50000;17.562;25000;12.9391;40;0.316901;1;0.142794;1;490.953;1;151.829;40;330.894;40;8.22702;40;0.00281787;40;none;lu;100.000000;0.002;0.004;2.5;0.004;1;81;100;normal;none;cg;1399746560;4096;154251264;2186113024;81;1;10000;none;gmres;0;9.16498e-07;ramp_for_visualization;187.22;1480;13200;1479;11552;1480;13200;40;10000;
2019/11/8 11:25:18;neon;opendihu 1.0, build Nov  8 2019 10:50:51, C++ 201402, GCC 5.5.0 20171010;64;40;0.00837898;93;0.0767379;90;0.0727417;90;0.379619;3600;17.1098;40;0.00264668;40;0.000160694;40;6.91414e-06;2;6.98566e-05;40;1.27363;40;0.509073;3;0.509049;1;0.717131;40;1.27431;40;2.88789;1;1.3113e-05;93;0.156261;93;0.318522;40;0.426211;1;318.172;261;316.329;40;0.567741;80;1.27472;40;126.645;50000;19.3192;25000;0.971756;40;0.331751;1;0.147074;1;490.978;1;154.675;40;318.723;40;17.5749;40;0.0033133;40;none;lu;100.000000;0.002;0.004;2.5;0.004;1;90;100;normal;none;cg;1408077824;4096;162828288;2194444288;90;1;10000;none;gmres;0;9.16498e-07;ramp_for_visualization;186.94;1480;13200;1479;11552;1480;13200;40;10000;
2019/11/8 11:25:18;neon;opendihu 1.0, build Nov  8 2019 10:50:51, C++ 201402, GCC 5.5.0 20171010;64;41;0.0083828;84;0.0722098;81;0.0681038;81;0.339541;3240;36.9739;40;0.00287747;40;0.000149965;40;1.12057e-05;2;6.38962e-05;40;1.27412;40;0.509129;3;0.509115;1;0.717094;40;1.27469;40;2.92325;1;2.00272e-05;84;0.153111;84;0.0064249;40;0.426165;1;306.34;243;304.242;40;0.822996;80;1.27511;40;114.025;50000;17.5713;25000;0.331323;40;0.304541;1;0.134318;1;490.744;1;147.349;40;305.997;40;37.394;40;0.00298786;40;none;lu;100.000000;0.002;0.004;2.5;0.004;1;81;100;normal;none;cg;1399459840;4096;156258304;2185826304;81;1;10000;none;gmres;0;9.16498e-07;ramp_for_visualization;199;1480;13200;1479;11552;1480;13200;40;10000;
2019/11/8 11:25:18;neon;opendihu 1.0, build Nov  8 2019 10:50:51, C++ 201402, GCC 5.5.0 20171010;64;42;0.00838304;84;0.636672;81;0.0665514;81;0.336423;3240;35.2234;40;0.0029254;40;0.000131607;40;7.15256e-06;2;6.58035e-05;40;1.2737;40;0.508985;3;0.508972;1;0.717077;40;1.27429;40;2.87845;1;1.21593e-05;84;0.152798;84;0.00805855;40;0.426071;1;314.937;243;312.659;40;1.00291;80;1.27475;40;116.798;50000;17.5667;25000;0.0391109;40;0.299674;1;0.131976;1;490.869;1;140.536;40;314.124;40;36.2048;40;0.00321484;40;none;lu;100.000000;0.002;0.004;2.5;0.004;1;81;100;normal;none;cg;1399607296;4096;155926528;2185973760;81;1;10000;none;gmres;0;9.16498e-07;ramp_for_visualization;191.98;1480;13200;1479;11552;1480;13200;40;10000;
2019/11/8 11:25:18;neon;opendihu 1.0, build Nov  8 2019 10:50:51, C++ 201402, GCC 5.5.0 20171010;64;43;0.00837207;84;0.0697496;81;0.0691137;81;0.348291;3240;16.1152;40;0.00244761;40;0.177279;80;1.81198e-05;4;0.311308;80;1.27475;80;0.509194;6;0.509172;2;0.841424;80;1.76534;80;2.8808;1;1.78814e-05;84;0.153806;84;0.0103359;40;0.42623;1;318.612;283;316.035;40;0.809785;80;1.7662;80;117.223;50000;17.6376;25000;12.9398;40;0.31278;1;0.140163;1;490.953;1;143.514;40;330.894;40;16.5414;40;0.00264692;40;none;lu;100.000000;0.002;0.004;2.5;0.004;1;81;100;normal;none;cg;1399734272;4096;154374144;2186100736;81;1;10000;none;gmres;0;9.16498e-07;ramp_for_visualization;187.22;1480;13200;1479;11552;1480;13200;40;10000;
2019/11/8 11:25:18;neon;opendihu 1.0, build Nov  8 2019 10:50:51, C++ 201402, GCC 5.5.0 20171010;64;44;0.00839067;93;0.0878124;90;0.0733085;90;0.377768;3600;2.89623;40;0.00241756;40;0.000154018;40;9.05991e-06;2;6.96182e-05;40;1.27347;40;0.508971;3;0.508958;1;0.717081;40;1.27405;40;2.88592;1;1.64509e-05;93;0.156049;93;0.319818;40;0.426099;1;318.674;261;316.768;40;0.630651;80;1.27448;40;126.543;50000;19.3695;25000;14.823;40;0.329567;1;0.145428;1;490.973;1;154.578;40;333.021;40;3.37032;40;0.00348091;40;none;lu;100.000000;0.002;0.004;2.5;0.004;1;90;100;normal;none;cg;1407787008;4096;160899072;2194153472;90;1;10000;none;gmres;0;9.16498e-07;ramp_for_visualization;186.71;1480;13200;1479;11552;1480;13200;40;10000;
2019/11/8 11:25:18;neon;opendihu 1.0, build Nov  8 2019 10:50:51, C++ 201402, GCC 5.5.0 20171010;64;45;0.00835514;84;0.0692682;81;0.0676556;81;0.330823;3240;28.4963;40;0.0023849;40;0.000137568;40;6.91414e-06;2;6.62804e-05;40;1.27403;40;0.509129;3;0.509116;1;0.717059;40;1.27451;40;2.83539;1;1.5974e-05;84;0.154032;84;0.00911617;40;0.426253;1;306.603;243;304.365;40;0.962267;80;1.27495;40;115.379;50000;17.5634;25000;14.5571;40;0.314329;1;0.138359;1;490.74;1;141.478;40;320.354;40;28.9037;40;0.00274944;40;none;lu;100.000000;0.002;0.004;2.5;0.004;1;81;100;normal;none;cg;1399083008;4096;153677824;2185449472;81;1;10000;none;gmres;0;9.16498e-07;ramp_for_visualization;198.5;1480;13200;1479;11552;1480;13200;40;10000;
2019/11/8 11:25:18;neon;opendihu 1.0, build Nov  8 2019 10:50:51, C++ 201402, GCC 5.5.0 20171010;64;46;0.00835896;84;0.0668159;81;0.0681908;81;0.332473;3240;19.9228;40;0.00242805;40;0.000119209;40;6.91414e-06;2;6.55651e-05;40;1.27376;40;0.508983;3;0.508972;1;0.717028;40;1.27422;40;2.82527;1;1.19209e-05;84;0.153394;84;0.0106504;40;0.426077;1;313.141;243;310.959;40;0.906142;80;1.27467;40;124.494;50000;17.5818;25000;13.9589;40;0.307382;1;0.136099;1;490.858;1;144.173;40;326.351;40;20.3298;40;0.00291133;40;none;lu;100.000000;0.002;0.004;2.5;0.004;1;81;100;normal;none;cg;1399095296;4096;153694208;2185461760;81;1;10000;none;gmres;0;9.16498e-07;ramp_for_visualization;191.63;1480;13200;1479;11552;1480;13200;40;10000;
2019/11/8 11:25:18;neon;opendihu 1.0, build Nov  8 2019 10:50:51, C++ 201402, GCC 5.5.0 20171010;64;47;0.00836945;84;0.0703511;81;0.0680418;81;0.327232;3240;12.7379;40;0.00218701;40;0.419863;80;1.69277e-05;4;0.755066;80;1.27501;80;0.509194;6;0.509172;2;0.841393;80;2.45135;80;2.99199;1;1.74046e-05;84;0.153747;84;0.0109088;40;0.42624;1;318.594;283;315.342;40;0.799217;80;2.45219;80;116.298;50000;17.5625;25000;19.3445;40;0.316932;1;0.140585;1;490.953;1;140.508;40;337.299;40;13.1428;40;0.00263166;40;none;lu;100.000000;0.002;0.004;2.5;0.004;1;81;100;normal;none;cg;1399431168;4096;153128960;2185797632;81;1;10000;none;gmres;0;9.16498e-07;ramp_for_visualization;187.62;1480;13200;1479;11552;1480;13200;40;10000;
2019/11/8 11:25:18;neon;opendihu 1.0, build Nov  8 2019 10:50:51, C++ 201402, GCC 5.5.0 20171010;64;48;0.00840068;103;0.267215;100;0.0821033;100;0.396329;4000;0.0148089;40;0.0022676;40;0.000158548;40;8.10623e-06;2;5.74589e-05;40;1.27344;40;0.50992;3;0.509902;1;0.717095;40;1.27423;40;3.00238;1;1.57356e-05;103;0.160628;103;0.442277;40;0.426146;1;316.988;281;315.495;40;0.217936;80;1.27466;40;143.679;50000;21.9992;25000;0.84901;40;0.373348;1;0.165201;1;490.973;1;172.506;40;317.781;40;0.68237;40;0.00312996;40;none;lu;100.000000;0.002;0.004;2.5;0.004;1;100;100;normal;none;cg;1423323136;4096;163045376;2209689600;100;1;10000;none;gmres;0;9.16498e-07;ramp_for_visualization;188.3;1480;13200;1480;1479;11552;1479;1480;13200;1480;40;10000;
2019/11/8 11:25:18;neon;opendihu 1.0, build Nov  8 2019 10:50:51, C++ 201402, GCC 5.5.0 20171010;64;49;0.00839853;93;0.0899727;90;0.0758479;90;0.365798;3600;24.5447;40;0.00243831;40;0.000146151;40;9.05991e-06;2;8.03471e-05;40;1.27389;40;0.509187;3;0.50917;1;0.716965;40;1.27445;40;2.91539;1;1.26362e-05;93;0.157714;93;0.00934315;40;0.426255;1;306.803;261;305.052;40;0.475793;80;1.27489;40;128.182;50000;19.4402;25000;0.456442;40;0.34462;1;0.152388;1;490.745;1;158.785;40;306.947;40;25.0091;40;0.00289845;40;none;lu;100.000000;0.002;0.004;2.5;0.004;1;90;100;normal;none;cg;1414205440;4096;155611136;2200571904;90;1;10000;none;gmres;0;9.16498e-07;ramp_for_visualization;199.07;1480;13200;1479;11552;1480;13200;40;10000;
2019/11/8 11:25:18;neon;opendihu 1.0, build Nov  8 2019 10:50:51, C++ 201402, GCC 5.5.0 20171010;64;50;0.00839376;93;0.695078;90;0.0735416;90;0.367039;3600;16.278;40;0.00234818;40;0.000143528;40;9.05991e-06;2;7.05719e-05;40;1.2737;40;0.50962;3;0.509604;1;0.717001;40;1.27416;40;2.87297;1;1.3113e-05;93;0.156366;93;0.010612;40;0.426085;1;313.734;261;311.951;40;0.507714;80;1.27457;40;127.109;50000;19.3202;25000;0.0254455;40;0.334734;1;0.148653;1;490.874;1;160.104;40;313.417;40;17.3481;40;0.00334167;40;none;lu;100.000000;0.002;0.004;2.5;0.004;1;90;100;normal;none;cg;1414225920;4096;154865664;2200592384;90;1;10000;none;gmres;0;9.16498e-07;ramp_for_visualization;191.35;1480;13200;1479;11552;1480;13200;40;10000;
2019/11/8 11:25:18;neon;opendihu 1.0, build Nov  8 2019 10:50:51, C++ 201402, GCC 5.5.0 20171010;64;51;0.00840068;93;0.158845;90;0.0741127;90;0.385951;3600;3.16034;40;0.00198269;40;0.176295;80;1.78814e-05;4;0.27062;80;1.27485;80;0.509679;6;0.509658;2;0.841369;80;1.72323;80;2.88731;1;1.7643e-05;93;0.157016;93;0.0118575;40;0.426239;1;318.301;301;316.062;40;0.514736;80;1.72407;80;127.554;50000;19.3443;25000;13.1129;40;0.34006;1;0.150737;1;490.951;1;156.168;40;331.067;40;3.71187;40;0.00283313;40;none;lu;100.000000;0.002;0.004;2.5;0.004;1;90;100;normal;none;cg;1414475776;4096;154914816;2200842240;90;1;10000;none;gmres;0;9.16498e-07;ramp_for_visualization;187.04;1480;13200;1479;11552;1480;13200;40;10000;
2019/11/8 11:25:18;neon;opendihu 1.0, build Nov  8 2019 10:50:51, C++ 201402, GCC 5.5.0 20171010;64;52;0.00839949;93;0.0992815;90;0.0754192;90;0.369584;3600;14.8372;40;0.00210619;40;0.000152111;40;7.15256e-06;2;6.41346e-05;40;1.27373;40;0.509472;3;0.509453;1;0.717125;40;1.2743;40;2.88555;1;2.02656e-05;93;0.156257;93;0.318572;40;0.426186;1;317.131;261;315.291;40;0.563787;80;1.27474;40;127.387;50000;19.3335;25000;0.848354;40;0.336288;1;0.150282;1;490.976;1;158.074;40;317.585;40;15.3123;40;0.00366163;40;none;lu;100.000000;0.002;0.004;2.5;0.004;1;90;100;normal;none;cg;1414197248;4096;155205632;2200563712;90;1;10000;none;gmres;0;9.16498e-07;ramp_for_visualization;187.71;1480;13200;1479;11552;1480;13200;40;10000;
2019/11/8 11:25:18;neon;opendihu 1.0, build Nov  8 2019 10:50:51, C++ 201402, GCC 5.5.0 20171010;64;53;0.00836325;84;0.0761755;81;0.0707662;81;0.337434;3240;40.9547;40;0.00219011;40;0.000134706;40;1.09673e-05;2;5.98431e-05;40;1.27415;40;0.50946;3;0.509445;1;0.717035;40;1.27457;40;2.79111;1;1.43051e-05;84;0.153668;84;0.00674415;40;0.426112;1;306.254;243;303.994;40;0.983836;80;1.27502;40;116.03;50000;17.5675;25000;0.455851;40;0.312643;1;0.141438;1;490.746;1;143.47;40;305.897;40;41.3752;40;0.00281715;40;none;lu;100.000000;0.002;0.004;2.5;0.004;1;81;100;normal;none;cg;1406193664;4096;148865024;2192560128;81;1;10000;none;gmres;0;9.16498e-07;ramp_for_visualization;198.87;1480;13200;1479;11552;1480;13200;40;10000;
2019/11/8 11:25:18;neon;opendihu 1.0, build Nov  8 2019 10:50:51, C++ 201402, GCC 5.5.0 20171010;64;54;0.00839639;84;0.101064;81;0.0677538;81;0.34745;3240;24.5701;40;0.00225329;40;0.000136614;40;1.12057e-05;2;5.79357e-05;40;1.27372;40;0.509468;3;0.509453;1;0.717029;40;1.27419;40;2.87803;1;1.33514e-05;84;0.152749;84;0.00880837;40;0.42624;1;312.365;243;310.43;40;0.659096;80;1.27462;40;133.087;50000;17.566;25000;0.024919;40;0.302629;1;0.134276;1;490.866;1;153.932;40;311.904;40;25.0263;40;0.00290632;40;none;lu;100.000000;0.002;0.004;2.5;0.004;1;81;100;normal;none;cg;1406205952;4096;148664320;2192572416;81;1;10000;none;gmres;0;9.16498e-07;ramp_for_visualization;192.16;1480;13200;1479;11552;1480;13200;40;10000;
2019/11/8 11:25:18;neon;opendihu 1.0, build Nov  8 2019 10:50:51, C++ 201402, GCC 5.5.0 20171010;64;55;0.00839925;84;0.0797734;81;0.0700562;81;0.337921;3240;7.82846;40;0.00184584;40;0.18865;80;1.5974e-05;4;0.328854;80;1.27506;80;0.50971;6;0.509685;2;0.841394;80;1.79403;80;2.88006;1;1.35899e-05;84;0.153774;84;0.0100257;40;0.426067;1;318.381;283;315.983;40;0.602518;80;1.79486;80;118.025;50000;17.6008;25000;12.9122;40;0.315036;1;0.140931;1;490.953;1;151.83;40;330.866;40;8.25314;40;0.00257993;40;none;lu;100.000000;0.002;0.004;2.5;0.004;1;81;100;normal;none;cg;1406562304;4096;147865600;2192928768;81;1;10000;none;gmres;0;9.16498e-07;ramp_for_visualization;186.84;1480;13200;1479;11552;1480;13200;40;10000;
2019/11/8 11:25:18;neon;opendihu 1.0, build Nov  8 2019 10:50:51, C++ 201402, GCC 5.5.0 20171010;64;56;0.00840282;93;0.0974913;90;0.0751479;90;0.375242;3600;17.2182;40;0.00175476;40;0.00014925;40;6.91414e-06;2;5.67436e-05;40;1.27371;40;0.509917;3;0.509901;1;0.717157;40;1.27434;40;2.89893;1;1.3113e-05;93;0.156263;93;0.318386;40;0.426102;1;317.603;261;315.728;40;0.599198;80;1.27477;40;128.771;50000;19.3243;25000;0.849158;40;0.333959;1;0.149288;1;490.963;1;155.232;40;318.03;40;17.6966;40;0.00319266;40;none;lu;100.000000;0.002;0.004;2.5;0.004;1;90;100;normal;none;cg;1414189056;4096;155152384;2200555520;90;1;10000;none;gmres;0;9.16498e-07;ramp_for_visualization;187.62;1480;13200;1479;11552;1480;13200;40;10000;
2019/11/8 11:25:18;neon;opendihu 1.0, build Nov  8 2019 10:50:51, C++ 201402, GCC 5.5.0 20171010;64;57;0.00836229;84;0.0767434;81;0.0680017;81;0.340168;3240;36.8441;40;0.00202465;40;0.000127077;40;7.86781e-06;2;6.27041e-05;40;1.27422;40;0.50962;3;0.509606;1;0.717082;40;1.27469;40;2.90041;1;5.96046e-06;84;0.153079;84;0.00644231;40;0.426076;1;306.142;243;304.011;40;0.854666;80;1.27513;40;116.322;50000;17.5488;25000;0.456597;40;0.304374;1;0.134145;1;490.748;1;147.553;40;305.923;40;37.2679;40;0.00297475;40;none;lu;100.000000;0.002;0.004;2.5;0.004;1;81;100;normal;none;cg;1406189568;4096;148766720;2192556032;81;1;10000;none;gmres;0;9.16498e-07;ramp_for_visualization;198.71;1480;13200;1479;11552;1480;13200;40;10000;
2019/11/8 11:25:18;neon;opendihu 1.0, build Nov  8 2019 10:50:51, C++ 201402, GCC 5.5.0 20171010;64;58;0.00838685;84;0.642382;81;0.0678384;81;0.334299;3240;35.2335;40;0.00208402;40;0.000125408;40;7.15256e-06;2;6.17504e-05;40;1.27367;40;0.509465;3;0.509453;1;0.717093;40;1.27418;40;2.8808;1;1.52588e-05;84;0.152798;84;0.00840831;40;0.426237;1;312.394;243;310.083;40;1.03487;80;1.27464;40;114.397;50000;17.5501;25000;0.0250621;40;0.30111;1;0.133404;1;490.86;1;143.073;40;311.565;40;36.2179;40;0.00345087;40;none;lu;100.000000;0.002;0.004;2.5;0.004;1;81;100;normal;none;cg;1406300160;4096;148172800;2192666624;81;1;10000;none;gmres;0;9.16498e-07;ramp_for_visualization;192.74;1480;13200;1479;11552;1480;13200;40;10000;
2019/11/8 11:25:18;neon;opendihu 1.0, build Nov  8 2019 10:50:51, C++ 201402, GCC 5.5.0 20171010;64;59;0.00838947;84;0.0769789;81;0.0707433;81;0.332297;3240;16.1513;40;0.00161481;40;0.0952642;80;1.50204e-05;4;0.403364;80;1.27486;80;0.509814;6;0.509794;2;0.8414;80;1.77492;80;2.88142;1;1.00136e-05;84;0.15386;84;0.00973177;40;0.426201;1;318.613;283;315.994;40;0.841882;80;1.77576;80;123.702;50000;17.5622;25000;12.9127;40;0.314294;1;0.141676;1;490.953;1;143.515;40;330.867;40;16.5676;40;0.00256014;40;none;lu;100.000000;0.002;0.004;2.5;0.004;1;81;100;normal;none;cg;1406566400;4096;147259392;2192932864;81;1;10000;none;gmres;0;9.16498e-07;ramp_for_visualization;187.25;1480;13200;1479;11552;1480;13200;40;10000;
2019/11/8 11:25:18;neon;opendihu 1.0, build Nov  8 2019 10:50:51, C++ 201402, GCC 5.5.0 20171010;64;60;0.00838232;93;0.126178;90;0.0731554;90;0.382364;3600;2.85777;40;0.00147057;40;0.000151873;40;1.4782e-05;2;6.65188e-05;40;1.27373;40;0.509888;3;0.509874;1;0.717149;40;1.27418;40;2.96267;1;2.02656e-05;93;0.15608;93;0.320278;40;0.426178;1;318.611;261;316.673;40;0.662724;80;1.2746;40;128.361;50000;19.3246;25000;14.8207;40;0.329587;1;0.145454;1;490.975;1;154.645;40;332.954;40;3.37185;40;0.00248981;40;none;lu;100.000000;0.002;0.004;2.5;0.004;1;90;100;normal;none;cg;1414012928;4096;153669632;2200379392;90;1;10000;none;gmres;0;9.16498e-07;ramp_for_visualization;186.46;1480;13200;1479;11552;1480;13200;40;10000;
2019/11/8 11:25:18;neon;opendihu 1.0, build Nov  8 2019 10:50:51, C++ 201402, GCC 5.5.0 20171010;64;61;0.00838494;84;0.0947406;81;0.0690157;81;0.340228;3240;28.1997;40;0.00160837;40;0.000140667;40;9.05991e-06;2;5.76973e-05;40;1.27408;40;0.509898;3;0.509884;1;0.717021;40;1.27456;40;2.89424;1;1.38283e-05;84;0.154108;84;0.0080595;40;0.426229;1;306.157;243;303.886;40;0.995007;80;1.27499;40;116.267;50000;17.6262;25000;14.8201;40;0.315789;1;0.139823;1;490.739;1;141.926;40;320.17;40;28.64;40;0.00296974;40;none;lu;100.000000;0.002;0.004;2.5;0.004;1;81;100;normal;none;cg;1405874176;4096;147173376;2192240640;81;1;10000;none;gmres;0;9.16498e-07;ramp_for_visualization;198.86;1480;13200;1479;11552;1480;13200;40;10000;
2019/11/8 11:25:18;neon;opendihu 1.0, build Nov  8 2019 10:50:51, C++ 201402, GCC 5.5.0 20171010;64;62;0.00839615;84;0.0771985;81;0.0683312;81;0.335155;3240;19.8865;40;0.0015738;40;0.000135183;40;1.21593e-05;2;5.26905e-05;40;1.27393;40;0.509901;3;0.509888;1;0.717125;40;1.27436;40;2.8738;1;1.21593e-05;84;0.153395;84;0.0100508;40;0.42627;1;313.808;243;311.593;40;0.938994;80;1.27479;40;115.311;50000;17.5648;25000;13.9825;40;0.307385;1;0.136132;1;490.855;1;143.505;40;327.041;40;20.3054;40;0.00284648;40;none;lu;100.000000;0.002;0.004;2.5;0.004;1;81;100;normal;none;cg;1406050304;4096;146952192;2192416768;81;1;10000;none;gmres;0;9.16498e-07;ramp_for_visualization;191.6;1480;13200;1479;11552;1480;13200;40;10000;
2019/11/8 11:25:18;neon;opendihu 1.0, build Nov  8 2019 10:50:51, C++ 201402, GCC 5.5.0 20171010;64;63;0.0084219;84;0.0843468;81;0.0680182;81;0.325293;3240;12.7057;40;0.0013597;40;0.00310349;80;1.90735e-05;4;0.941426;80;1.27489;80;0.510145;6;0.510122;2;0.84146;80;2.22063;80;2.87946;1;2.28882e-05;84;0.153896;84;0.0100605;40;0.426239;1;318.595;283;315.54;40;0.832214;80;2.22148;80;115.96;50000;17.6101;25000;19.3645;40;0.317082;1;0.140564;1;490.953;1;140.509;40;337.318;40;13.122;40;0.00248861;40;none;lu;100.000000;0.002;0.004;2.5;0.004;1;81;100;normal;none;cg;1406246912;4096;146718720;2192613376;81;1;10000;none;gmres;0;9.16498e-07;ramp_for_visualization;187.73;1480;13200;1479;11552;1480;13200;40;10000;
