24.09.2017 07:02:03;neon;1;1000;10000;0.0;      26855.9359211921692;         18.2598567008972;      26855.4854652881622;          6.5374696254730;26875.77929688
24.09.2017 07:02:12;neon;0;1;3;3.89834414725;          0.0353019237518;          0.0153403282166;          0.0351164340973;          0.0054161548615;.83200002
24.09.2017 07:02:13;neon;0;1;64;0.33010368095;          0.2745065689087;          0.1507232189178;          0.2727215290070;          0.0486440658569;1.25600004
24.09.2017 07:02:13;neon;0;1;1;nan;          0.0048456192017;          0.0029466152191;          0.0048007965088;          0.0012989044189;.77600002
24.09.2017 07:02:13;neon;0;1;4;0.758366566194;          0.0340237617493;          0.0148293972015;          0.0338394641876;          0.0053367614746;.79200000
24.09.2017 07:02:13;neon;0;1;32;0.075066896311;          0.1079111099243;          0.0858702659607;          0.1068727970123;          0.0278825759888;.92400002
24.09.2017 07:02:13;neon;0;1;2;2.33455554264;          0.0185675621033;          0.0085363388062;          0.0184633731842;          0.0032439231873;.80000001
24.09.2017 07:02:13;neon;0;1;16;0.0971240710909;          0.0983476638794;          0.0412726402283;          0.0978162288666;          0.0133051872253;.89200002
24.09.2017 07:02:13;neon;0;1;12;1.46981554718;          0.0925922393799;          0.0390770435333;          0.0921118259430;          0.0131447315216;.92000002
24.09.2017 07:02:13;neon;0;1;6;0.190686846263;          0.0387985706329;          0.0169548988342;          0.0385961532593;          0.0058915615082;.83999997
24.09.2017 07:02:13;neon;0;1;8;2.01341152212;          0.0428769588470;          0.0194766521454;          0.0426344871521;          0.0068593025208;.82400000
24.09.2017 07:02:13;neon;0;1;48;0.432379983061;          0.2432060241699;          0.1110677719116;          0.2418465614319;          0.0352728366852;1.10399997
24.09.2017 07:02:13;neon;0;1;24;0.0880862638992;          0.1353607177734;          0.0574302673340;          0.1346673965454;          0.0190141201019;.94000000
24.09.2017 07:02:14;neon;0;1;96;0.0327095382534;          0.4811098575592;          0.2017195224762;          0.4787833690643;          0.0656249523163;1.43599999
24.09.2017 07:02:14;neon;0;1;256;0.0152118574208;          1.1026017665863;          0.5303072929382;          1.0963919162750;          0.1714866161346;2.42400002
24.09.2017 07:02:14;neon;0;1;128;0.168669775733;          0.4497067928314;          0.2988193035126;          0.4462294578552;          0.0953555107117;1.53199995
24.09.2017 07:02:14;neon;0;1;192;0.112478092957;          1.0187344551086;          0.4168708324432;          1.0136971473694;          0.1322667598724;2.22799993
24.09.2017 07:02:15;neon;0;1;384;0.0114793261523;          0.9686756134033;          0.7897703647614;          0.9588651657104;          0.2552337646484;2.45600009
24.09.2017 07:02:15;neon;0;1;512;0.00958442780884;          1.2401747703552;          0.9630856513977;          1.2286255359650;          0.3070182800293;2.93600011
24.09.2017 07:02:17;neon;0;1;1024;0.0184194432735;          1.9588649272919;          1.8915197849274;          1.9353373050690;          0.6115648746490;4.63600016
24.09.2017 07:02:20;neon;1;1;3;3.61276603849;          0.0321085453033;          0.0090560913086;          0.0319256782532;          0.0035288333893;1.00800002
24.09.2017 07:02:21;neon;1;1;64;0.50630052893;          0.4388704299927;          0.1439504623413;          0.4360160827637;          0.0471236705780;1.41999996
24.09.2017 07:02:21;neon;0;1;2048;0.00734115176657;          3.9988033771515;          3.6819684505463;          3.9527459144592;          1.1832871437073;8.33600044
24.09.2017 07:02:21;neon;1;1;12;1.85642295996;          0.2122387886047;          0.0388994216919;          0.2114605903625;          0.0132496356964;.99199998
24.09.2017 07:02:21;neon;1;1;2;0.760215294224;          0.0529279708862;          0.0086185932159;          0.0527746677399;          0.0034408569336;.85200000
24.09.2017 07:02:21;neon;1;1;4;1.11509443373;          0.0888566970825;          0.0134677886963;          0.0885958671570;          0.0047793388367;.79600000
24.09.2017 07:02:21;neon;1;1;32;0.321603888758;          0.3237457275391;          0.0741522312164;          0.3222229480743;          0.0248153209686;1.07599998
24.09.2017 07:02:21;neon;1;1;16;0.560202793749;          0.2220668792725;          0.0330605506897;          0.2214238643646;          0.0111806392670;.99599999
24.09.2017 07:02:21;neon;1;1;6;0.989867596044;          0.1272854804993;          0.0188162326813;          0.1269137859344;          0.0065751075745;.91200000
24.09.2017 07:02:21;neon;1;1;1;1.52542468447;          0.0145843029022;          0.0027620792389;          0.0145111083984;          0.0012094974518;.85200000
24.09.2017 07:02:22;neon;1;1;8;2.33939964624;          0.1646788120270;          0.0242218971252;          0.1641767024994;          0.0080535411835;1.00000000
24.09.2017 07:02:22;neon;1;1;24;0.409468518904;          0.3838322162628;          0.0644245147705;          0.3825562000275;          0.0211951732635;1.20000005
24.09.2017 07:02:22;neon;1;1;48;0.647991720275;          0.5400099754333;          0.0956788063049;          0.5380733013153;          0.0318689346313;1.36399996
24.09.2017 07:02:23;neon;1;1;96;0.11599844744;          0.6574821472168;          0.2053165435791;          0.6534578800201;          0.0684967041016;1.71599996
24.09.2017 07:02:23;neon;1;1;128;0.270055642352;          1.1066505908966;          0.2571125030518;          1.1016366481781;          0.0826878547668;2.13599992
24.09.2017 07:02:24;neon;1;1;192;0.183484445815;          1.4822194576263;          0.3896298408508;          1.4747445583344;          0.1263847351074;2.65199995
24.09.2017 07:02:24;neon;1;1;256;0.0425626070016;          1.7155933380127;          0.5143363475800;          1.7052915096283;          0.1660475730896;3.00000000
24.09.2017 07:02:26;neon;1;1;384;0.0273082904828;          2.4546244144440;          0.7391083240509;          2.4401705265045;          0.2363607883453;4.01599979
24.09.2017 07:02:27;neon;1;1;512;0.019608892485;          3.0129537582397;          0.9518790245056;          2.9939310550690;          0.3101124763489;4.78399992
24.09.2017 07:02:28;neon;0;2;3;3.71837050422;          0.0287368297577;          0.0104970932007;          0.0286226272583;          0.0039649009705;.94400001
24.09.2017 07:02:28;neon;0;2;12;1.68808200843;          0.1073710918427;          0.0401799678802;          0.1069200038910;          0.0145218372345;1.03999996
24.09.2017 07:02:29;neon;0;2;64;0.420910919716;          0.4771008491516;          0.1349222660065;          0.4755315780640;          0.0427942276001;1.40400004
24.09.2017 07:02:29;neon;0;2;2;1.15813323654;          0.0255663394928;          0.0085194110870;          0.0254669189453;          0.0034396648407;.91200000
24.09.2017 07:02:29;neon;0;1;4096;0.00452086786479;          8.0278167724609;          7.4859385490417;          7.9305148124695;          2.4348485469818;16.24799919
24.09.2017 07:02:29;neon;0;2;16;0.287199315838;          0.0766630172729;          0.0424540042877;          0.0761520862579;          0.0140266418457;.81999999
24.09.2017 07:02:29;neon;0;2;8;2.20403731825;          0.0849857330322;          0.0247337818146;          0.0846736431122;          0.0085494518280;.87599999
24.09.2017 07:02:29;neon;0;2;1;0.908763425254;          0.0127742290497;          0.0047633647919;          0.0127174854279;          0.0021438598633;.73199999
24.09.2017 07:02:29;neon;0;2;4;1.10476360387;          0.0477511882782;          0.0142164230347;          0.0475845336914;          0.0049962997437;.83999997
24.09.2017 07:02:29;neon;0;2;32;0.139841411843;          0.1924335956573;          0.0671491622925;          0.1916403770447;          0.0222935676575;1.05599999
24.09.2017 07:02:29;neon;0;2;6;0.761322159573;          0.0607666969299;          0.0179879665375;          0.0605478286743;          0.0063042640686;.91200000
24.09.2017 07:02:30;neon;0;2;24;0.188868235642;          0.1161713600159;          0.0479619503021;          0.1155767440796;          0.0161366462708;.94800001
24.09.2017 07:02:30;neon;0;2;48;0.544590349256;          0.3725783824921;          0.1100974082947;          0.3711338043213;          0.0356242656708;1.20400000
24.09.2017 07:02:31;neon;0;2;96;0.0432460721227;          0.5201592445374;          0.2204179763794;          0.5174295902252;          0.0705842971802;1.59200001
24.09.2017 07:02:31;neon;1;1;1024;0.0328642689676;          5.3053715229034;          2.0397503376007;          5.2646682262421;          0.6751806735992;8.14799976
24.09.2017 07:02:31;neon;0;2;128;0.219976990993;          0.6479053497314;          0.2691247463226;          0.6447217464447;          0.0859336853027;1.73599994
24.09.2017 07:02:32;neon;0;2;192;0.148162213775;          0.7994933128357;          0.3811812400818;          0.7949738502502;          0.1213448047638;2.01999998
24.09.2017 07:02:33;neon;0;2;256;0.0137241065609;          1.1040372848511;          0.5775160789490;          1.0965027809143;          0.1851782798767;2.49200010
24.09.2017 07:02:35;neon;0;2;384;0.00787051791794;          1.2642641067505;          0.7619962692261;          1.2550103664398;          0.2493376731873;2.88400006
24.09.2017 07:02:35;neon;1;2;3;3.64751276882;          0.0995073318481;          0.0101449489594;          0.0992808341980;          0.0037474632263;.91200000
24.09.2017 07:02:36;neon;1;2;12;1.85162953591;          0.3407137393951;          0.0353412628174;          0.3399744033813;          0.0117728710175;1.28400004
24.09.2017 07:02:36;neon;0;2;512;0.00495103852961;          1.7008664608002;          0.9351840019226;          1.6895341873169;          0.3027422428131;3.48399997
24.09.2017 07:02:37;neon;1;2;2;0.828556675462;          0.0721685886383;          0.0070021152496;          0.0720288753510;          0.0026512145996;.92000002
24.09.2017 07:02:37;neon;1;2;1;1.40645446177;          0.0248837471008;          0.0032272338867;          0.0248086452484;          0.0015530586243;.82800001
24.09.2017 07:02:37;neon;1;2;4;1.09249777323;          0.1402986049652;          0.0135889053345;          0.1400353908539;          0.0051324367523;.83200002
24.09.2017 07:02:37;neon;1;2;64;0.505765546992;          0.8280954360962;          0.1341054439545;          0.8254208564758;          0.0434219837189;1.77600002
24.09.2017 07:02:37;neon;1;2;6;0.969260149106;          0.1251654624939;          0.0149445533752;          0.1248977184296;          0.0063812732697;.92000002
24.09.2017 07:02:37;neon;1;2;8;2.33417534643;          0.2866263389587;          0.0259459018707;          0.2860758304596;          0.0089311599731;1.13600004
24.09.2017 07:02:37;neon;1;2;16;0.553754458312;          0.2955861091614;          0.0395393371582;          0.2948029041290;          0.0134167671204;1.07200003
24.09.2017 07:02:37;neon;1;2;32;0.319396006339;          0.3296835422516;          0.0627508163452;          0.3284180164337;          0.0207886695862;1.14400005
24.09.2017 07:02:37;neon;1;2;24;0.405947503044;          0.5274462699890;          0.0516076087952;          0.5263967514038;          0.0171601772308;1.41600001
24.09.2017 07:02:38;neon;1;2;48;0.647135405267;          0.5910763740540;          0.1062893867493;          0.5889902114868;          0.0360200405121;1.52800000
24.09.2017 07:02:39;neon;1;2;96;0.115690947702;          1.1577589511871;          0.2090551853180;          1.1537106037140;          0.0680146217346;2.20000005
24.09.2017 07:02:40;neon;1;2;128;0.269895932115;          1.5206749439240;          0.2714140415192;          1.5150444507599;          0.0901670455933;2.61599994
24.09.2017 07:02:41;neon;1;2;192;0.183408779135;          1.9984354972839;          0.3665068149567;          1.9911067485809;          0.1187686920166;3.16000009
24.09.2017 07:02:42;neon;0;1;8192;0.00415435988171;         14.4064333438873;         14.4209258556366;         14.2220940589905;          4.6311542987823;29.30400085
24.09.2017 07:02:42;neon;0;4;3;3.63924067551;          0.0747570991516;          0.0134034156799;          0.0745894908905;          0.0047256946564;.89200002
24.09.2017 07:02:42;neon;1;1;2048;0.0146311456524;         10.7323703765869;          3.7496321201324;         10.6581647396088;          1.2095408439636;15.29199982
24.09.2017 07:02:43;neon;1;2;256;0.0425161459272;          2.0760016441345;          0.4853234291077;          2.0656895637512;          0.1617095470428;3.44000006
24.09.2017 07:02:43;neon;0;2;1024;0.0255925761587;          2.7127523422241;          1.9338781833649;          2.6887784004211;          0.6310749053955;5.53999996
24.09.2017 07:02:43;neon;0;4;12;1.7719245971;          0.1841406822205;          0.0362615585327;          0.1836869716644;          0.0123972892761;1.04400003
24.09.2017 07:02:44;neon;0;4;2;0.928486508362;          0.0435962677002;          0.0084702968597;          0.0434815883636;          0.0033416748047;.86400002
24.09.2017 07:02:44;neon;0;4;1;1.41914044662;          0.0226817131042;          0.0050389766693;          0.0226171016693;          0.0022850036621;.86400002
24.09.2017 07:02:44;neon;0;4;6;0.918690091772;          0.0690493583679;          0.0140547752380;          0.0688717365265;          0.0050094127655;.79200000
24.09.2017 07:02:45;neon;0;4;4;1.17282574383;          0.0565586090088;          0.0120632648468;          0.0563983917236;          0.0045158863068;.95200002
24.09.2017 07:02:45;neon;0;4;8;2.26897417025;          0.1493480205536;          0.0262420177460;          0.1490213871002;          0.0089449882507;1.03600001
24.09.2017 07:02:45;neon;0;4;16;0.433901748555;          0.2306962013245;          0.0401728153229;          0.2302103042603;          0.0131413936615;1.11600006
24.09.2017 07:02:45;neon;0;4;32;0.233232546339;          0.2597692012787;          0.0668520927429;          0.2589733600616;          0.0219726562500;1.09599996
24.09.2017 07:02:45;neon;0;4;64;0.463507900322;          0.4273915290833;          0.1257112026215;          0.4258015155792;          0.0411989688873;1.29600000
24.09.2017 07:02:45;neon;0;4;24;0.30397483178;          0.3339302539825;          0.0589933395386;          0.3332445621490;          0.0195598602295;1.15199995
24.09.2017 07:02:45;neon;0;4;48;0.596370709299;          0.4144196510315;          0.1093602180481;          0.4130361080170;          0.0355095863342;1.23199999
24.09.2017 07:02:46;neon;1;2;384;0.0272873443009;          3.5235455036163;          0.6934320926666;          3.5096826553345;          0.2241704463959;5.12799978
24.09.2017 07:02:48;neon;0;4;96;0.0794366409193;          0.7648277282715;          0.2185673713684;          0.7620089054108;          0.0700926780701;1.89199996
24.09.2017 07:02:49;neon;1;2;512;0.0195970269047;          4.4422743320465;          0.9632170200348;          4.4220037460327;          0.3154957294464;6.13199997
24.09.2017 07:02:49;neon;0;4;128;0.244768248029;          1.5654780864716;          0.2884538173676;          1.5622169971466;          0.0934205055237;2.74000001
24.09.2017 07:02:50;neon;1;4;3;3.65554011261;          0.1505937576294;          0.0107414722443;          0.1503577232361;          0.0042693614960;1.05599999
24.09.2017 07:02:50;neon;0;4;192;0.165596373266;          1.0909433364868;          0.3889067173004;          1.0862438678741;          0.1253888607025;2.35999990
24.09.2017 07:02:51;neon;1;4;12;1.850526516;          0.4068379402161;          0.0346207618713;          0.4061157703400;          0.0116868019104;1.34000003
24.09.2017 07:02:51;neon;1;4;2;0.842795875262;          0.1272470951080;          0.0083894729614;          0.1270723342896;          0.0035362243652;.92799997
24.09.2017 07:02:52;neon;1;4;1;1.4021372527;          0.0527722835541;          0.0035386085510;          0.0527021884918;          0.0016360282898;.88000000
24.09.2017 07:02:52;neon;1;4;4;1.08883399407;          0.1918718814850;          0.0116467475891;          0.1916522979736;          0.0042524337769;.94000000
24.09.2017 07:02:52;neon;0;4;256;0.0279196170788;          1.2550368309021;          0.4973292350769;          1.2488932609558;          0.1612570285797;2.73600006
24.09.2017 07:02:52;neon;1;4;6;0.964959080357;          0.2826890945435;          0.0161423683167;          0.2823419570923;          0.0055148601532;1.03199995
24.09.2017 07:02:52;neon;1;4;8;2.33308149288;          0.4423770904541;          0.0238964557648;          0.4418978691101;          0.0082824230194;1.22399998
24.09.2017 07:02:53;neon;1;4;24;0.405093225614;          0.5486774444580;          0.0555999279022;          0.5475234985352;          0.0185291767120;1.35599995
24.09.2017 07:02:53;neon;1;4;16;0.552216100244;          0.4989826679230;          0.0387997627258;          0.4981746673584;          0.0133001804352;1.40400004
24.09.2017 07:02:53;neon;1;4;32;0.318856126297;          0.8347580432892;          0.0712549686432;          0.8332483768463;          0.0237245559692;1.71200001
24.09.2017 07:02:54;neon;1;4;64;0.505633295434;          1.2459084987640;          0.1335756778717;          1.2431464195251;          0.0437989234924;2.12800002
24.09.2017 07:02:54;neon;1;4;48;0.646924562204;          1.2296738624573;          0.1061537265778;          1.2274892330170;          0.0345551967621;2.17199993
24.09.2017 07:02:55;neon;0;4;384;0.0174173976642;          1.6634480953217;          0.6834089756012;          1.6548554897308;          0.2244834899902;3.15199995
24.09.2017 07:02:57;neon;1;4;96;0.115614629407;          1.7734084129333;          0.2065479755402;          1.7691278457642;          0.0698812007904;2.81999993
24.09.2017 07:02:57;neon;0;8;3;3.60356615896;          0.0836012363434;          0.0113830566406;          0.0834872722626;          0.0052952766418;.97200000
24.09.2017 07:02:59;neon;0;8;12;1.80893129125;          0.1347379684448;          0.0277092456818;          0.1344139575958;          0.0102124214172;1.02400005
24.09.2017 07:02:59;neon;1;4;128;0.269856223791;          2.3372411727905;          0.2499928474426;          2.3318479061127;          0.0822780132294;3.36400008
24.09.2017 07:02:59;neon;0;8;1;1.55518424929;          0.0361351966858;          0.0042700767517;          0.0360777378082;          0.0018525123596;.82400000
24.09.2017 07:02:59;neon;0;8;2;0.832393352571;          0.0642144680023;          0.0069141387939;          0.0641334056854;          0.0026001930237;.84799999
24.09.2017 07:02:59;neon;0;2;2048;0.0109562313454;          5.6177999973297;          3.7773439884186;          5.5704643726349;          1.2242486476898;10.20400047
24.09.2017 07:02:59;neon;0;8;4;1.19586752919;          0.0927610397339;          0.0107631683350;          0.0926318168640;          0.0038716793060;.89999998
24.09.2017 07:02:59;neon;0;8;6;0.981314631261;          0.1749393939972;          0.0181775093079;          0.1747136116028;          0.0063891410828;.99199998
24.09.2017 07:03:00;neon;0;4;512;0.0121415259829;          2.6617054939270;          1.0241172313690;          2.6493716239929;          0.3409941196442;4.57600021
24.09.2017 07:03:00;neon;0;8;8;2.29632990677;          0.2766873836517;          0.0286548137665;          0.2762937545776;          0.0099508762360;1.12000000
24.09.2017 07:03:00;neon;0;8;16;0.498825539258;          0.2034416198730;          0.0397028923035;          0.2029216289520;          0.0134623050690;.96799999
24.09.2017 07:03:01;neon;0;8;24;0.356735275603;          0.2473592758179;          0.0519838333130;          0.2466881275177;          0.0168209075928;1.15199995
24.09.2017 07:03:01;neon;1;2;1024;0.0328613077201;          8.5998914241791;          1.8304851055145;          8.5624117851257;          0.5923011302948;11.32400036
24.09.2017 07:03:01;neon;0;8;32;0.276901368652;          0.2973124980927;          0.0613851547241;          0.2965922355652;          0.0215499401093;1.19599998
24.09.2017 07:03:01;neon;1;4;192;0.183389931422;          3.2070159912109;          0.3559935092926;          3.1995012760162;          0.1174013614655;4.46799994
24.09.2017 07:03:02;neon;0;8;64;0.484157008771;          0.7214260101318;          0.1469790935516;          0.7195837497711;          0.0481028556824;1.65199995
24.09.2017 07:03:02;neon;0;8;48;0.621284369859;          0.5170075893402;          0.1062829494476;          0.5156245231628;          0.0355708599091;1.46399999
24.09.2017 07:03:04;neon;1;4;256;0.042504562214;          4.0398952960968;          0.4973030090332;          4.0298502445221;          0.1644439697266;5.36399984
24.09.2017 07:03:04;neon;1;1;4096;0.000854454062752;         20.4273567199707;          7.3809106349945;         20.2763767242432;          2.4077959060669;28.56399918
24.09.2017 07:03:05;neon;0;8;96;0.0971182852605;          0.9189195632935;          0.1812813282013;          0.9165778160095;          0.0590374469757;1.89999998
24.09.2017 07:03:05;neon;1;8;3;3.65750206227;          0.2520859241486;          0.0115516185760;          0.2518317699432;          0.0042233467102;1.12399995
24.09.2017 07:03:06;neon;1;8;12;1.8502621704;          0.5667994022369;          0.0273153781891;          0.5662477016449;          0.0093696117401;1.37600005
24.09.2017 07:03:07;neon;1;8;1;1.40083398572;          0.1139128208160;          0.0043823719025;          0.1138355731964;          0.0021116733551;.92799997
24.09.2017 07:03:07;neon;1;8;2;0.846465208886;          0.2066118717194;          0.0067818164825;          0.2064592838287;          0.0028233528137;1.10000002
24.09.2017 07:03:07;neon;1;8;6;0.963978475093;          0.2616791725159;          0.0158765316010;          0.2613484859467;          0.0054392814636;1.00399995
24.09.2017 07:03:07;neon;1;8;4;1.08812939354;          0.2619006633759;          0.0092368125916;          0.2616972923279;          0.0036077499390;1.06799996
24.09.2017 07:03:08;neon;1;8;8;2.33283239794;          0.5001878738403;          0.0250926017761;          0.4996497631073;          0.0088782310486;1.35599995
24.09.2017 07:03:08;neon;0;8;128;0.256955834009;          1.3270275592804;          0.2527115345001;          1.3237416744232;          0.0833201408386;2.39599991
24.09.2017 07:03:09;neon;1;8;16;0.551840619343;          0.8666973114014;          0.0414988994598;          0.8658182621002;          0.0142989158630;1.76400006
24.09.2017 07:03:09;neon;1;8;24;0.404882897176;          0.9259500503540;          0.0547754764557;          0.9248127937317;          0.0187661647797;1.75199997
24.09.2017 07:03:09;neon;1;4;384;0.0272821172427;          5.7216937541962;          0.6913108825684;          5.7073159217834;          0.2245607376099;7.34399986
24.09.2017 07:03:10;neon;1;8;32;0.318722668583;          1.6050117015839;          0.0720849037170;          1.6034557819366;          0.0240259170532;2.51600003
24.09.2017 07:03:11;neon;0;8;192;0.174213683854;          1.9369184970856;          0.4164588451385;          1.9318137168884;          0.1382365226746;3.18799996
24.09.2017 07:03:11;neon;1;8;48;0.646872254565;          1.8151445388794;          0.1022791862488;          1.8129508495331;          0.0346443653107;2.72799993
24.09.2017 07:03:11;neon;1;8;64;0.50560041909;          2.1460449695587;          0.1321458816528;          2.1432502269745;          0.0442214012146;3.09999990
24.09.2017 07:03:12;neon;0;16;3;3.58677099844;          0.1441643238068;          0.0086174011230;          0.1440455913544;          0.0032439231873;1.13999999
24.09.2017 07:03:13;neon;0;8;256;0.0349571002925;          2.2734947204590;          0.4745397567749;          2.2676227092743;          0.1557292938232;3.53999996
24.09.2017 07:03:14;neon;0;1;16384;0.0023946482052;         28.4885077476501;         31.5116710662842;         28.0904984474182;         10.5358362197876;60.33200073
24.09.2017 07:03:14;neon;0;16;1;1.61435495432;          0.0611689090729;          0.0055196285248;          0.0610845088959;          0.0023174285889;.90799999
24.09.2017 07:03:14;neon;0;16;12;1.82635077367;          0.3199362754822;          0.0297069549561;          0.3195540904999;          0.0104308128357;1.09200001
24.09.2017 07:03:14;neon;0;16;2;0.789701503986;          0.1034927368164;          0.0070145130157;          0.1034064292908;          0.0026276111603;.89600003
24.09.2017 07:03:14;neon;0;16;4;1.20541108052;          0.1946210861206;          0.0120472908020;          0.1944570541382;          0.0043706893921;1.05599999
24.09.2017 07:03:15;neon;0;16;6;1.00956832278;          0.3030390739441;          0.0174870491028;          0.3028078079224;          0.0061011314392;1.17999995
24.09.2017 07:03:15;neon;0;4;1024;0.0291637446546;          4.7961692810059;          1.8869996070862;          4.7731781005859;          0.6107182502747;7.52799988
24.09.2017 07:03:15;neon;1;8;96;0.11559561949;          2.8137996196747;          0.1825976371765;          2.8099880218506;          0.0614895820618;3.82800007
24.09.2017 07:03:15;neon;0;16;8;2.30894097566;          0.2638993263245;          0.0221676826477;          0.2635922431946;          0.0080301761627;1.02800000
24.09.2017 07:03:16;neon;1;4;512;0.0195940645412;          7.9261102676392;          0.9925298690796;          7.9054207801819;          0.3277101516724;9.63599968
24.09.2017 07:03:16;neon;0;16;16;0.529466222285;          0.4002652168274;          0.0328049659729;          0.3998496532440;          0.0112955570221;1.22800004
24.09.2017 07:03:17;neon;0;16;24;0.382028031419;          0.6008589267731;          0.0459985733032;          0.6002798080444;          0.0157642364502;1.55200005
24.09.2017 07:03:18;neon;0;16;32;0.298030729447;          0.7889080047607;          0.0642516613007;          0.7881190776825;          0.0218286514282;1.64800000
24.09.2017 07:03:20;neon;0;16;48;0.633508894783;          1.1172814369202;          0.1086554527283;          1.1158664226532;          0.0358231067657;2.07599998
24.09.2017 07:03:20;neon;1;8;128;0.26984632413;          4.0975732803345;          0.2635092735291;          4.0920329093933;          0.0890626907349;5.15199995
24.09.2017 07:03:20;neon;0;16;64;0.494325360938;          1.3570914268494;          0.1369504928589;          1.3552989959717;          0.0459184646606;2.33999991
24.09.2017 07:03:20;neon;1;16;3;3.65798785187;          0.3785581588745;          0.0103864669800;          0.3783204555511;          0.0038440227509;1.28799999
24.09.2017 07:03:20;neon;0;8;384;0.02216469925;          3.1783800125122;          0.7331619262695;          3.1691739559174;          0.2371234893799;4.68400002
24.09.2017 07:03:21;neon;1;16;1;1.39987927968;          0.1661889553070;          0.0042979717255;          0.1661047935486;          0.0016553401947;1.04799998
24.09.2017 07:03:22;neon;1;16;2;0.84739994996;          0.4049470424652;          0.0075635910034;          0.4047796726227;          0.0028111934662;1.19599998
24.09.2017 07:03:22;neon;1;16;4;1.08797682114;          0.4511787891388;          0.0116901397705;          0.4509406089783;          0.0043435096741;1.28799999
24.09.2017 07:03:22;neon;1;16;12;1.85019747521;          0.9111998081207;          0.0291001796722;          0.9105575084686;          0.0101356506348;1.73199999
24.09.2017 07:03:23;neon;1;16;6;0.963744382945;          0.9992699623108;          0.0155296325684;          0.9989128112793;          0.0057988166809;1.95599997
24.09.2017 07:03:23;neon;1;16;8;2.33277302428;          0.8174123764038;          0.0202748775482;          0.8169615268707;          0.0073349475861;1.63600004
24.09.2017 07:03:24;neon;1;8;192;0.183385228119;          5.4207341670990;          0.3557269573212;          5.4133610725403;          0.1191143989563;6.62400007
24.09.2017 07:03:25;neon;0;16;96;0.105857405257;          2.1429228782654;          0.1905989646912;          2.1405162811279;          0.0633578300476;3.24399996
24.09.2017 07:03:25;neon;1;16;16;0.551747878395;          1.3769705295563;          0.0332639217377;          1.3762559890747;          0.0115244388580;2.21199989
24.09.2017 07:03:26;neon;1;16;24;0.40483071928;          1.5253016948700;          0.0510606765747;          1.5241987705231;          0.0176746845245;2.42000008
24.09.2017 07:03:27;neon;1;2;2048;0.0146303959959;         16.7324619293213;          3.6826663017273;         16.6584339141846;          1.2041203975677;21.16799927
24.09.2017 07:03:28;neon;1;16;32;0.318689493104;          2.4079937934875;          0.0650582313538;          2.4066247940063;          0.0225231647491;3.35599995
24.09.2017 07:03:28;neon;0;32;3;3.57863264204;          0.2450499534607;          0.0092549324036;          0.2449309825897;          0.0036220550537;1.13199997
24.09.2017 07:03:28;neon;1;8;256;0.0425016702311;          7.1840379238129;          0.4922566413879;          7.1739437580109;          0.1652219295502;8.52799988
24.09.2017 07:03:29;neon;0;32;1;1.64021118847;          0.1003761291504;          0.0038607120514;          0.1003262996674;          0.0018692016602;.89200002
24.09.2017 07:03:29;neon;0;32;2;0.769560187257;          0.0953814983368;          0.0058138370514;          0.0953016281128;          0.0021860599518;.91200000
24.09.2017 07:03:29;neon;0;2;4096;0.00269917519349;         10.6687209606171;          7.0405244827271;         10.5788671970367;          2.2544379234314;18.37199974
24.09.2017 07:03:29;neon;0;8;512;0.0157229235375;          5.2009143829346;          0.9634549617767;          5.1893584728241;          0.3090531826019;6.88800001
24.09.2017 07:03:29;neon;0;16;128;0.262998553362;          2.0448415279388;          0.2563586235046;          2.0416779518127;          0.0834641456604;3.16000009
24.09.2017 07:03:29;neon;1;16;48;0.646859227949;          2.7412135601044;          0.0957129001617;          2.7391319274902;          0.0323016643524;3.70000005
24.09.2017 07:03:30;neon;0;32;4;1.20976132342;          0.3076245784760;          0.0098435878754;          0.3075029850006;          0.0038592815399;1.24399996
24.09.2017 07:03:30;neon;0;32;12;1.83480588434;          0.4730319976807;          0.0298113822937;          0.4726214408875;          0.0108392238617;1.37199998
24.09.2017 07:03:31;neon;0;32;6;1.02302012393;          0.2222194671631;          0.0131247043610;          0.2220451831818;          0.0046160221100;1.10399997
24.09.2017 07:03:31;neon;0;32;8;2.31500182667;          0.3781397342682;          0.0231220722198;          0.3778219223022;          0.0083374977112;1.26400006
24.09.2017 07:03:31;neon;1;16;64;0.505592223305;          3.9205393791199;          0.1404178142548;          3.9173712730408;          0.0483903884888;4.90000010
24.09.2017 07:03:33;neon;0;32;16;0.544362701951;          0.5509133338928;          0.0334167480469;          0.5504760742188;          0.0113317966461;1.47200000
24.09.2017 07:03:34;neon;0;32;24;0.394415546338;          1.1365330219269;          0.0492298603058;          1.1358630657196;          0.0168666839600;2.08800006
24.09.2017 07:03:35;neon;0;16;192;0.178497677521;          2.8406143188477;          0.3802664279938;          2.8355951309204;          0.1281964778900;4.07600021
24.09.2017 07:03:35;neon;1;32;3;3.65810873085;          0.5573372840881;          0.0105757713318;          0.5570728778839;          0.0040266513824;1.51600003
24.09.2017 07:03:36;neon;1;32;1;1.3995563712;          0.2194840908051;          0.0031857490540;          0.2193973064423;          0.0014402866364;1.10000002
24.09.2017 07:03:36;neon;0;32;32;0.30842541831;          1.2676610946655;          0.0725777149200;          1.2667531967163;          0.0239930152893;2.24000001
24.09.2017 07:03:37;neon;1;32;2;0.847635300391;          0.3427317142487;          0.0070455074310;          0.3425838947296;          0.0027692317963;1.24399996
24.09.2017 07:03:38;neon;1;32;4;1.087941444;          0.7219269275665;          0.0123486518860;          0.7216393947601;          0.0045905113220;1.56400001
24.09.2017 07:03:38;neon;1;16;96;0.115590875722;          5.5293176174164;          0.1877548694611;          5.5252370834351;          0.0633597373962;6.57600021
24.09.2017 07:03:39;neon;1;32;6;0.963687193534;          0.9792273044586;          0.0141656398773;          0.9789075851440;          0.0052840709686;1.84399998
24.09.2017 07:03:39;neon;0;32;48;0.63956448347;          1.8188588619232;          0.1008055210114;          1.8175210952759;          0.0344233512878;2.75200009
24.09.2017 07:03:39;neon;1;32;12;1.85018147305;          1.7279608249664;          0.0311043262482;          1.7273161411285;          0.0120768547058;2.59599996
24.09.2017 07:03:39;neon;1;4;1024;0.0328605679113;         15.1481146812439;          1.8604640960693;         15.1100056171417;          0.6038205623627;17.82799911
24.09.2017 07:03:39;neon;1;32;8;2.33275853408;          1.2744235992432;          0.0203087329865;          1.2739710807800;          0.0071337223053;2.16000009
24.09.2017 07:03:39;neon;1;8;384;0.027280811664;         11.1652286052704;          0.7200100421906;         11.1491892337799;          0.2389619350433;12.70800018
24.09.2017 07:03:40;neon;0;16;256;0.038460563285;          3.9882192611694;          0.5117287635803;          3.9817674160004;          0.1694021224976;5.28399992
24.09.2017 07:03:41;neon;0;32;64;0.49937122935;          2.1381726264954;          0.1264312267303;          2.1364767551422;          0.0426216125488;3.07599998
24.09.2017 07:03:42;neon;1;32;16;0.551724833662;          2.0699093341827;          0.0370903015137;          2.0690495967865;          0.0131504535675;3.00000000
24.09.2017 07:03:43;neon;0;64;3;3.57462770739;          0.3637583255768;          0.0098335742950;          0.3636186122894;          0.0038695335388;1.25199997
24.09.2017 07:03:43;neon;0;64;1;1.65243985296;          0.0800609588623;          0.0026905536652;          0.0800194740295;          0.0012912750244;.83999997
24.09.2017 07:03:44;neon;1;16;128;0.269843852644;          7.2353487014771;          0.2501325607300;          7.2299051284790;          0.0825266838074;8.34399986
24.09.2017 07:03:44;neon;0;64;2;0.759773357133;          0.2106897830963;          0.0067627429962;          0.2105960845947;          0.0026419162750;1.06799996
24.09.2017 07:03:45;neon;1;1;8192;0.00231518382346;         40.5341367721558;         14.5685820579529;         40.2474000453949;          4.6297674179077;55.63600159
24.09.2017 07:03:45;neon;1;32;24;0.404817725261;          2.8986716270447;          0.0493521690369;          2.8975460529327;          0.0172789096832;3.81200004
24.09.2017 07:03:46;neon;0;64;4;1.21183894549;          0.5656323432922;          0.0112216472626;          0.5654723644257;          0.0045506954193;1.48800004
24.09.2017 07:03:46;neon;0;64;6;1.02958709705;          0.4837808609009;          0.0138697624207;          0.4835891723633;          0.0051271915436;1.25199997
24.09.2017 07:03:47;neon;1;32;32;0.318681222842;          3.5008370876312;          0.0632219314575;          3.4993965625763;          0.0218391418457;4.33199978
24.09.2017 07:03:47;neon;0;64;8;2.31797360344;          0.8046123981476;          0.0223984718323;          0.8043262958527;          0.0076835155487;1.64400005
24.09.2017 07:03:47;neon;0;4;2048;0.012760135468;          9.2102260589600;          3.7795405387878;          9.1632876396179;          1.2218029499054;13.76399994
24.09.2017 07:03:47;neon;0;64;12;1.83897172041;          1.0813252925873;          0.0302884578705;          1.0809001922607;          0.0106072425842;1.94400001
24.09.2017 07:03:48;neon;0;32;96;0.11020179466;          3.0225946903229;          0.1957571506500;          3.0200321674347;          0.0650002956390;4.11600018
24.09.2017 07:03:51;neon;0;64;16;0.551708652023;          1.4217038154602;          0.0365028381348;          1.4212055206299;          0.0124747753143;2.40400004
24.09.2017 07:03:51;neon;1;64;1;1.39946865024;          0.4075150489807;          0.0032780170441;          0.4074232578278;          0.0014631748199;1.29200006
24.09.2017 07:03:52;neon;1;8;512;0.019593324454;         14.0205504894257;          1.0072109699249;         13.9998798370361;          0.3377356529236;15.77600002
24.09.2017 07:03:52;neon;1;32;48;0.646855977575;          5.5239186286926;          0.1006360054016;          5.5215661525726;          0.0345358848572;6.36000013
24.09.2017 07:03:52;neon;1;64;3;3.65813887979;          1.1533401012421;          0.0099644660950;          1.1530888080597;          0.0038237571716;2.10800004
24.09.2017 07:03:53;neon;1;16;192;0.183384053371;         10.5671226978302;          0.3696663379669;         10.5594589710236;          0.1251277923584;11.80799961
24.09.2017 07:03:53;neon;1;64;2;0.847694297788;          0.6405627727509;          0.0071613788605;          0.6403903961182;          0.0027923583984;1.55200005
24.09.2017 07:03:54;neon;0;16;384;0.0245315301586;          6.0308485031128;          0.7064747810364;          6.0219917297363;          0.2305207252502;7.55999994
24.09.2017 07:03:54;neon;0;64;24;0.400546155613;          1.5950102806091;          0.0501670837402;          1.5943121910095;          0.0169961452484;2.51999998
24.09.2017 07:03:54;neon;1;64;4;1.08793293421;          1.2329084873199;          0.0107262134552;          1.2326397895813;          0.0039994716644;2.07200003
24.09.2017 07:03:55;neon;1;32;64;0.505590177271;          6.9381296634674;          0.1301479339600;          6.9351384639740;          0.0450441837311;7.84399986
24.09.2017 07:03:55;neon;1;64;6;0.963673059838;          1.8313066959381;          0.0144281387329;          1.8309631347656;          0.0055131912231;2.68400002
24.09.2017 07:03:56;neon;0;32;128;0.266007261036;          3.9787700176239;          0.2595617771149;          3.9754295349121;          0.0852530002594;5.10799980
24.09.2017 07:03:56;neon;0;8;1024;0.0309454526211;          7.9965052604675;          1.8062269687653;          7.9736781120300;          0.5797097682953;10.56000042
24.09.2017 07:03:56;neon;0;64;32;0.313581032853;          2.0702748298645;          0.0695474147797;          2.0693001747131;          0.0239253044128;2.90400004
24.09.2017 07:03:57;neon;1;64;8;2.3327549551;          2.4226350784302;          0.0221405029297;          2.4221220016479;          0.0081076622009;3.26399994
24.09.2017 07:03:58;neon;1;64;12;1.85017749383;          3.2959065437317;          0.0286993980408;          3.2952892780304;          0.0102267265320;4.13199997
24.09.2017 07:03:59;neon;0;128;1;1.65841004842;          0.3707773685455;          0.0042829513550;          0.3707132339478;          0.0018703937531;1.20400000
24.09.2017 07:04:00;neon;0;128;3;3.57264121152;          0.6407241821289;          0.0105850696564;          0.6405663490295;          0.0038888454437;1.51600003
24.09.2017 07:04:00;neon;0;128;2;0.754948844056;          0.3615107536316;          0.0059111118317;          0.3614242076874;          0.0026011466980;1.21599996
24.09.2017 07:04:01;neon;1;16;256;0.0425009477284;         13.7527635097504;          0.4707233905792;         13.7426855564117;          0.1559844017029;15.06799984
24.09.2017 07:04:02;neon;1;64;16;0.551719089999;          3.9344940185547;          0.0391466617584;          3.9335165023804;          0.0144641399384;4.75199986
24.09.2017 07:04:02;neon;0;64;48;0.642578280108;          3.2205464839935;          0.1032056808472;          3.2191765308380;          0.0347437858582;4.16400003
24.09.2017 07:04:03;neon;0;128;4;1.21285430236;          0.9193887710571;          0.0108888149261;          0.9192290306091;          0.0042233467102;1.83200002
24.09.2017 07:04:03;neon;0;128;6;1.03283200686;          0.9473466873169;          0.0181491374969;          0.9470891952515;          0.0064213275909;1.84000003
24.09.2017 07:04:05;neon;0;128;8;2.31944513174;          1.2510111331940;          0.0209426879883;          1.2507154941559;          0.0075883865356;1.94799995
24.09.2017 07:04:06;neon;1;32;96;0.115589690869;         10.1178863048553;          0.1882245540619;         10.1136479377747;          0.0644495487213;11.19600010
24.09.2017 07:04:06;neon;0;64;64;0.501884677922;          3.6140720844269;          0.1254551410675;          3.6124477386475;          0.0420238971710;4.51999998
24.09.2017 07:04:06;neon;0;32;192;0.180633544153;          5.4985380172729;          0.3873836994171;          5.4934222698212;          0.1298899650574;6.83599997
24.09.2017 07:04:06;neon;1;64;24;0.404814483058;          5.3480951786041;          0.0531640052795;          5.3467702865601;          0.0189726352692;6.19600010
24.09.2017 07:04:07;neon;1;128;1;1.3994460998;          1.0876474380493;          0.0046460628510;          1.0875318050385;          0.0018696784973;1.97200000
24.09.2017 07:04:07;neon;0;16;512;0.0175098149697;          7.1348335742950;          0.9161202907562;          7.1235425472260;          0.3009073734283;8.82800007
24.09.2017 07:04:07;neon;0;128;12;1.84103944466;          1.8967840671539;          0.0303213596344;          1.8963792324066;          0.0107102394104;2.84400010
24.09.2017 07:04:08;neon;0;1;32768;0.00309076379816;         56.7265284061432;         57.5428032875061;         56.0145418643951;         18.5460114479065;113.94000244
24.09.2017 07:04:09;neon;1;128;3;3.65814640817;          1.9406638145447;          0.0114333629608;          1.9404046535492;          0.0043396949768;2.85599995
24.09.2017 07:04:09;neon;1;128;2;0.847709063896;          1.0595426559448;          0.0055792331696;          1.0594227313995;          0.0025098323822;2.02800012
24.09.2017 07:04:10;neon;1;64;32;0.318679158228;          6.8680856227875;          0.0663590431213;          6.8665547370911;          0.0230004787445;7.71600008
24.09.2017 07:04:11;neon;0;128;16;0.555356498754;          2.0251052379608;          0.0360245704651;          2.0245375633240;          0.0128192901611;2.81999993
24.09.2017 07:04:12;neon;1;128;4;1.08793084787;          2.0888586044312;          0.0111684799194;          2.0885703563690;          0.0043985843658;2.90000010
24.09.2017 07:04:14;neon;1;128;6;0.963669546681;          2.6694581508636;          0.0155897140503;          2.6690976619720;          0.0058197975159;3.54800010
24.09.2017 07:04:15;neon;0;256;1;1.66136158935;          0.5116841793060;          0.0037009716034;          0.5116209983826;          0.0013730525970;1.37600005
24.09.2017 07:04:16;neon;0;32;256;0.0402084762996;          7.2113404273987;          0.4764423370361;          7.2050018310547;          0.1578028202057;8.51200008
24.09.2017 07:04:16;neon;0;128;24;0.403595865465;          2.9926297664642;          0.0487689971924;          2.9919352531433;          0.0167896747589;3.88000011
24.09.2017 07:04:17;neon;0;256;2;0.752553567114;          0.5500965118408;          0.0051400661469;          0.5500218868256;          0.0022010803223;1.36000001
24.09.2017 07:04:17;neon;1;32;128;0.2698432352;         13.5927414894104;          0.2528135776520;         13.5870046615601;          0.0852100849152;14.66399956
24.09.2017 07:04:17;neon;0;256;3;3.57165194425;          1.1018767356873;          0.0102009773254;          1.1017296314240;          0.0037145614624;1.99199998
24.09.2017 07:04:17;neon;1;128;8;2.33275406576;          4.6684985160828;          0.0219929218292;          4.6679556369781;          0.0082793235779;5.55200005
24.09.2017 07:04:17;neon;1;2;4096;0.000854640801759;         33.4679532051086;          7.3750002384186;         33.3199512958527;          2.3999366760254;41.55199814
24.09.2017 07:04:20;neon;0;64;96;0.112367729497;          6.1248426437378;          0.1847224235535;          6.1224322319031;          0.0621967315674;7.19600010
24.09.2017 07:04:20;neon;1;64;48;0.646855165766;         10.5992727279663;          0.1017184257507;         10.5968759059906;          0.0353310108185;11.50399971
24.09.2017 07:04:20;neon;1;128;12;1.85017650167;          5.6092929840088;          0.0305619239807;          5.6085700988770;          0.0109858512878;6.50000000
24.09.2017 07:04:21;neon;0;256;4;1.21335622857;          1.2036278247833;          0.0101914405823;          1.2034654617310;          0.0039837360382;2.12800002
24.09.2017 07:04:21;neon;0;128;32;0.316148502586;          3.9043891429901;          0.0663719177246;          3.9034559726715;          0.0229079723358;4.74800014
24.09.2017 07:04:21;neon;1;16;384;0.0272804854172;         20.0728480815887;          0.7148826122284;         20.0573489665985;          0.2373473644257;21.64800072
24.09.2017 07:04:22;neon;0;256;6;1.03444495765;          1.5534665584564;          0.0139214992523;          1.5532591342926;          0.0053467750549;2.48399997
24.09.2017 07:04:23;neon;1;256;1;1.3994403993;          1.3815431594849;          0.0045173168182;          1.3814320564270;          0.0017540454865;2.24000001
24.09.2017 07:04:25;neon;1;128;16;0.55171765627;          6.8205676078796;          0.0352942943573;          6.8197169303894;          0.0126931667328;7.63199997
24.09.2017 07:04:26;neon;1;256;2;0.847712757316;          2.0697600841522;          0.0063664913177;          2.0696136951447;          0.0024518966675;2.92000008
24.09.2017 07:04:27;neon;0;256;8;2.32017734285;          2.4420626163483;          0.0208854675293;          2.4417610168457;          0.0076472759247;3.21199989
24.09.2017 07:04:28;neon;1;64;64;0.505589666126;         14.3155465126038;          0.1311612129211;         14.3125860691071;          0.0453984737396;15.29199982
24.09.2017 07:04:28;neon;1;256;3;3.65814828915;          3.6901094913483;          0.0093142986298;          3.6898787021637;          0.0036475658417;4.50400019
24.09.2017 07:04:28;neon;1;4;2048;0.0146302086456;         29.7575476169586;          3.7383468151093;         29.6825971603394;          1.2240397930145;34.27999878
24.09.2017 07:04:29;neon;0;2;8192;0.00324319407645;         22.4752745628357;         14.4943108558655;         22.3006794452667;          4.6603577136993;37.45999908
24.09.2017 07:04:31;neon;0;256;12;1.84206953746;          3.5561382770538;          0.0274031162262;          3.5557310581207;          0.0099475383759;4.48799992
24.09.2017 07:04:31;neon;0;64;128;0.267508466372;          6.8349030017853;          0.2388827800751;          6.8316767215729;          0.0800313949585;7.82000017
24.09.2017 07:04:32;neon;0;512;1;1.66282921318;          0.7399649620056;          0.0033957958221;          0.7399072647095;          0.0014789104462;1.65600002
24.09.2017 07:04:32;neon;1;256;4;1.08793033139;          3.7508802413940;          0.0106170177460;          3.7505993843079;          0.0042417049408;4.57999992
24.09.2017 07:04:33;neon;1;8;1024;0.0328603830218;         27.1718864440918;          1.8334100246429;         27.1327624320984;          0.6015901565552;29.93600082
24.09.2017 07:04:33;neon;0;128;48;0.644081700061;          5.3847944736481;          0.0944232940674;          5.3835408687592;          0.0321588516235;6.35200024
24.09.2017 07:04:34;neon;1;128;24;0.404813673295;         10.2476730346680;          0.0540356636047;         10.2463686466217;          0.0189573764801;11.09599972
24.09.2017 07:04:34;neon;1;32;192;0.183383759819;         20.6329286098480;          0.3766181468964;         20.6243894100189;          0.1272585391998;21.87199974
24.09.2017 07:04:35;neon;0;512;2;0.751360143516;          1.3501615524292;          0.0067381858826;          1.3500738143921;          0.0026116371155;2.18000007
24.09.2017 07:04:36;neon;0;256;16;0.557174194622;          3.7004656791687;          0.0334494113922;          3.6999871730804;          0.0119721889496;4.68400002
24.09.2017 07:04:36;neon;1;256;6;0.963668670913;          5.6964886188507;          0.0150561332703;          5.6961255073547;          0.0057637691498;6.63600016
24.09.2017 07:04:37;neon;0;512;3;3.5711583042;          1.8858523368835;          0.0116450786591;          1.8856766223907;          0.0045599937439;2.69199991
24.09.2017 07:04:40;neon;0;32;384;0.0257132329469;         10.6334295272827;          0.7109823226929;         10.6240787506104;          0.2342431545258;12.16800022
24.09.2017 07:04:41;neon;1;512;1;1.39943896717;          2.3140304088593;          0.0038318634033;          2.3139066696167;          0.0018746852875;3.26399994
24.09.2017 07:04:41;neon;0;512;4;1.2136057673;          2.2868533134460;          0.0114917755127;          2.2866845130920;          0.0042216777802;3.18400002
24.09.2017 07:04:41;neon;1;256;8;2.3327538441;          7.7825145721436;          0.0273101329803;          7.7818825244904;          0.0099270343781;8.57999992
24.09.2017 07:04:42;neon;1;128;32;0.318678642442;         13.0074532032013;          0.0705697536469;         13.0058252811432;          0.0248653888702;13.80399990
24.09.2017 07:04:42;neon;1;16;512;0.019593139496;         26.6263184547424;          1.0139653682709;         26.6031203269958;          0.3487007617950;28.48800087
24.09.2017 07:04:42;neon;0;128;64;0.503139042112;          7.1142477989197;          0.1284887790680;          7.1125941276550;          0.0445225238800;8.05200005
24.09.2017 07:04:46;neon;1;512;2;0.847713680895;          3.7818236351013;          0.0074150562286;          3.7816548347473;          0.0029716491699;4.66400003
24.09.2017 07:04:46;neon;0;512;6;1.03524907426;          3.5211772918701;          0.0148091316223;          3.5209562778473;          0.0056760311127;4.39599991
24.09.2017 07:04:47;neon;0;256;24;0.405116845496;          5.3379223346710;          0.0465564727783;          5.3372519016266;          0.0164489746094;6.19999981
24.09.2017 07:04:47;neon;1;64;96;0.115589394792;         20.1287958621979;          0.1951088905334;         20.1240394115448;          0.0680553913116;21.10799980
24.09.2017 07:04:49;neon;0;4;4096;0.00178960600397;         17.2355396747589;          7.2562553882599;         17.1430180072784;          2.3353695869446;25.23200035
24.09.2017 07:04:49;neon;1;256;12;1.85017625397;         11.2313349246979;          0.0327558517456;         11.2305865287781;          0.0119237899780;12.11600018
24.09.2017 07:04:50;neon;1;32;256;0.0425007671643;         26.7167012691498;          0.4722943305969;         26.7061262130737;          0.1569688320160;28.00399971
24.09.2017 07:04:52;neon;1;512;3;3.65814875926;          7.2187500000000;          0.0122869014740;          7.2184350490570;          0.0048239231110;8.03600025
24.09.2017 07:04:53;neon;0;64;192;0.181699949322;         10.7461333274841;          0.3577461242676;         10.7415060997009;          0.1194067001343;12.01200008
24.09.2017 07:04:53;neon;0;512;8;2.32054256472;          4.6917386054993;          0.0211999416351;          4.6914229393005;          0.0079321861267;5.48799992
24.09.2017 07:04:54;neon;0;8;2048;0.0136611391045;         15.3819088935852;          3.6376025676727;         15.3360271453857;          1.1765792369843;19.75200081
24.09.2017 07:04:56;neon;0;16;1024;0.0318353364242;         14.1203243732452;          1.9866242408752;         14.0947129726410;          0.6591751575470;16.99600029
24.09.2017 07:04:56;neon;1;256;16;0.551717298111;         13.2437555789948;          0.0358357429504;         13.2429628372192;          0.0134370326996;14.34399986
24.09.2017 07:04:56;neon;1;512;4;1.0879302029;          7.4964091777802;          0.0143463611603;          7.4960627555847;          0.0057430267334;8.38799953
24.09.2017 07:04:56;neon;0;256;32;0.317429664866;          7.5328156948090;          0.0700242519379;          7.5318384170532;          0.0245921611786;8.45600033
24.09.2017 07:05:01;neon;1;128;48;0.646854962912;         21.1555655002594;          0.1017701625824;         21.1531226634979;          0.0356318950653;22.12000084
24.09.2017 07:05:02;neon;0;512;12;1.84258364514;          5.7052738666534;          0.0281352996826;          5.7048859596252;          0.0100657939911;6.46000004
24.09.2017 07:05:04;neon;0;32;512;0.0184022986819;         14.0709936618805;          0.9546248912811;         14.0588891506195;          0.3128342628479;15.82400036
24.09.2017 07:05:05;neon;1;512;6;0.963668452286;         10.5934836864471;          0.0223917961121;         10.5930340290070;          0.0081894397736;11.43999958
24.09.2017 07:05:05;neon;0;128;96;0.113449136085;         10.1759335994720;          0.1944594383240;         10.1732704639435;          0.0675570964813;11.19999981
24.09.2017 07:05:06;neon;1;64;128;0.269843080893;         27.3142619132996;          0.2584292888641;         27.3083848953247;          0.0902092456818;28.40399933
24.09.2017 07:05:11;neon;0;512;16;0.558081492445;          6.8844077587128;          0.0344650745392;          6.8838908672333;          0.0121216773987;7.87200022
24.09.2017 07:05:11;neon;1;1;16384;0.00147473698474;         79.7805607318878;         29.2540915012360;         79.1940898895264;          9.5789711475372;109.39600372
24.09.2017 07:05:11;neon;0;64;256;0.0410814789011;         13.1365652084351;          0.4655230045319;         13.1305229663849;          0.1541960239410;14.41600037
24.09.2017 07:05:14;neon;1;256;24;0.404813470952;         20.0892360210419;          0.0557420253754;         20.0876867771149;          0.0201015472412;21.00399971
24.09.2017 07:05:16;neon;1;512;8;2.33275378877;         15.1158385276794;          0.0234439373016;         15.1152718067169;          0.0085682868958;16.05200005
24.09.2017 07:05:17;neon;1;128;64;0.505589538385;         26.7612838745117;          0.1302876472473;         26.7582383155823;          0.0451729297638;27.74399948
24.09.2017 07:05:19;neon;0;256;48;0.644832543061;         10.3387918472290;          0.1044194698334;         10.3372993469238;          0.0365760326385;11.34799957
24.09.2017 07:05:27;neon;0;128;128;0.268258283722;         13.3969101905823;          0.2475266456604;         13.3934013843536;          0.0844430923462;14.38000011
24.09.2017 07:05:30;neon;1;32;384;0.0272804038747;         41.4891135692596;          0.7249765396118;         41.4734063148499;          0.2473154067993;43.06399918
24.09.2017 07:05:30;neon;1;256;32;0.318678513543;         25.9053142070770;          0.0683259963989;         25.9036264419556;          0.0243685245514;26.84399986
24.09.2017 07:05:31;neon;1;512;12;1.85017619208;         21.2506961822510;          0.0300612449646;         21.2498393058777;          0.0112297534943;22.20400047
24.09.2017 07:05:33;neon;0;512;24;0.405876369749;         11.5213005542755;          0.0527145862579;         11.5205185413361;          0.0184531211853;12.43999958
24.09.2017 07:05:38;neon;0;256;64;0.503765635591;         13.8889937400818;          0.1329917907715;         13.8872117996216;          0.0457348823547;14.95199966
24.09.2017 07:05:39;neon;1;64;192;0.183383686448;         38.9528152942657;          0.3603613376617;         38.9448783397675;          0.1225957870483;40.23600006
24.09.2017 07:05:44;neon;1;512;16;0.551717208606;         26.0917780399323;          0.0351147651672;         26.0908770561218;          0.0126912593842;26.96400070
24.09.2017 07:05:51;neon;0;512;32;0.31806960433;         13.5357577800751;          0.0644316673279;         13.5348584651947;          0.0221314430237;14.43599987
24.09.2017 07:05:52;neon;1;128;96;0.115589320789;         39.8161699771881;          0.1902093887329;         39.8117318153381;          0.0664372444153;40.88800049
24.09.2017 07:05:56;neon;1;2;8192;0.00231523118608;         65.4196605682373;         14.4061925411224;         65.1372685432434;          4.6703987121582;80.52799988
24.09.2017 07:05:58;neon;0;64;384;0.0263036557317;         20.0432572364807;          0.7274627685547;         20.0335972309113;          0.2464826107025;21.58799934
24.09.2017 07:05:59;neon;1;16;1024;0.0328603368079;         53.6798944473267;          1.9770059585571;         53.6369786262512;          0.6664390563965;56.59999847
24.09.2017 07:05:59;neon;1;8;2048;0.0146301618159;         53.9867713451385;          3.5905814170837;         53.9121763706207;          1.1742904186249;58.43600082
24.09.2017 07:06:05;neon;1;32;512;0.0195930932641;         51.7630245685577;          0.9654948711395;         51.7414391040802;          0.3269500732422;53.61199951
24.09.2017 07:06:06;neon;1;4;4096;0.000854687478825;         61.8706381320953;          7.2686932086945;         61.7214076519012;          2.3634941577911;70.01999664
24.09.2017 07:06:07;neon;1;256;48;0.64685491221;         39.7823443412781;          0.0995049476624;         39.7798690795898;          0.0345704555511;40.78799820
24.09.2017 07:06:08;neon;0;128;192;0.182232770422;         21.4038844108582;          0.3859117031097;         21.3989784717560;          0.1297776699066;22.60799980
24.09.2017 07:06:10;neon;0;1;65536;0.00383316814151;        112.1129615306854;        122.5243456363678;        110.6693584918976;         40.4234929084778;233.26400757
24.09.2017 07:06:11;neon;1;64;256;0.0425007220301;         51.9467606544495;          0.5155541896820;         51.9347982406616;          0.1793620586395;53.25999832
24.09.2017 07:06:19;neon;1;512;24;0.404813420379;         39.1455016136169;          0.0683059692383;         39.1440441608429;          0.0246005058289;40.06800079
24.09.2017 07:06:20;neon;0;256;96;0.113989449691;         20.0215933322906;          0.1868586540222;         20.0190815925598;          0.0640060901642;21.07600021
24.09.2017 07:06:26;neon;1;128;128;0.269843042324;         51.6821045875549;          0.2437078952789;         51.6765117645264;          0.0841467380524;52.80400085
24.09.2017 07:06:31;neon;0;2;16384;0.00193950733261;         41.3687763214111;         30.4212925434113;         40.9847638607025;          9.9913697242737;72.14800262
24.09.2017 07:06:34;neon;0;512;48;0.645207748143;         20.3275158405304;          0.0981941223145;         20.3261306285858;          0.0347723960876;21.33200073
24.09.2017 07:06:37;neon;0;32;1024;0.0322800357213;         27.6114788055420;          2.0111601352692;         27.5860373973846;          0.6764400005341;30.43199921
24.09.2017 07:06:38;neon;1;256;64;0.505589506456;         52.2889764308929;          0.1334617137909;         52.2858209609985;          0.0474650859833;53.27199936
24.09.2017 07:06:39;neon;0;16;2048;0.0141114013697;         28.1810476779938;          3.7336633205414;         28.1320688724518;          1.2258341312408;32.78799820
24.09.2017 07:06:39;neon;0;64;512;0.0188482993053;         26.4710655212402;          0.9328699111938;         26.4588091373444;          0.3119163513184;28.27199936
24.09.2017 07:06:48;neon;0;128;256;0.0415177418374;         28.9727065563202;          0.4773659706116;         28.9663152694702;          0.1590976715088;30.42000008
24.09.2017 07:06:50;neon;1;512;32;0.318678481324;         51.2715475559235;          0.0652930736542;         51.2697889804840;          0.0231757164001;52.15999985
24.09.2017 07:06:51;neon;0;8;4096;0.00133530135754;         29.8319365978241;          7.2902293205261;         29.7443358898163;          2.3067510128021;37.91600037
24.09.2017 07:06:53;neon;0;4;8192;0.00278788873196;         33.9997274875641;         15.0026268959045;         33.8115386962891;          4.9010677337646;49.63199997
24.09.2017 07:07:00;neon;0;256;128;0.268632996295;         26.2402164936066;          0.2642812728882;         26.2366347312927;          0.0927100181580;27.37199974
24.09.2017 07:07:12;neon;0;512;64;0.504078785353;         26.8713798522949;          0.1286931037903;         26.8694980144501;          0.0452711582184;27.89999962
24.09.2017 07:07:23;neon;1;64;384;0.0272803834912;         76.7943451404572;          0.7518830299377;         76.7774796485901;          0.2635872364044;78.40799713
24.09.2017 07:07:33;neon;1;128;192;0.183383668107;         76.6392509937286;          0.3666563034058;         76.6311655044556;          0.1263830661774;77.89600372
24.09.2017 07:07:45;neon;1;256;96;0.115589302291;         77.4984819889069;          0.1958398818970;         77.4939782619476;          0.0680632591248;78.56400299
24.09.2017 07:07:51;neon;1;1;32768;0.00263062570217;        158.0156140327454;         56.2572259902954;        156.8551781177521;         17.9455494880676;214.40800476
24.09.2017 07:08:00;neon;1;512;48;0.646854899537;         78.4249567985535;          0.0978648662567;         78.4226474761963;          0.0347564220428;79.34400177
24.09.2017 07:08:11;neon;0;128;384;0.0265987599379;         40.2725560665131;          0.7127187252045;         40.2631196975708;          0.2439730167389;41.89199829
24.09.2017 07:08:20;neon;0;256;192;0.182499085668;         39.4124655723572;          0.3634662628174;         39.4078946113586;          0.1244752407074;40.63199997
24.09.2017 07:08:30;neon;1;32;1024;0.032860325256;        104.1582810878754;          1.8785209655762;        104.1183967590332;          0.6288330554962;106.92400360
24.09.2017 07:08:30;neon;1;64;512;0.0195930817066;        102.6142573356628;          1.0209748744965;        102.5905356407166;          0.3570549488068;104.39600372
24.09.2017 07:08:32;neon;0;512;96;0.114259509136;         39.5014388561249;          0.1888749599457;         39.4987244606018;          0.0652847290039;40.67200089
24.09.2017 07:08:35;neon;1;16;2048;0.0146301501092;        105.3542559146881;          3.6437973976135;        105.2781920433044;          1.2057950496674;109.72000122
24.09.2017 07:08:38;neon;1;128;256;0.0425007107485;        102.3915295600891;          0.5157711505890;        102.3795304298401;          0.1810517311096;103.81199646
24.09.2017 07:08:52;neon;1;256;128;0.26984303268;        103.8470251560211;          0.2614414691925;        103.8408138751984;          0.0908861160278;105.00000000
24.09.2017 07:08:54;neon;1;8;4096;0.000854699146865;        107.9263794422150;          7.3331973552704;        107.7749111652374;          2.4115703105927;116.04799652
24.09.2017 07:09:03;neon;1;512;64;0.505589498474;        103.1135120391846;          0.1240489482880;        103.1104769706726;          0.0429475307465;104.10800171
24.09.2017 07:09:12;neon;1;4;8192;0.00231524302534;        116.5297675132751;         14.5848050117493;        116.2320921421051;          4.7592546939850;131.71600342
24.09.2017 07:09:20;neon;1;2;16384;0.00147474882731;        130.4069132804871;         31.2637350559235;        129.7455694675446;         10.3215918540955;162.26400757
24.09.2017 07:09:30;neon;0;128;512;0.019071239239;         51.8444736003876;          0.9525158405304;         51.8315026760101;          0.3230550289154;53.50000000
24.09.2017 07:09:31;neon;0;64;1024;0.0325023247164;         51.7070786952972;          1.8695919513702;         51.6807198524475;          0.6220955848694;54.34799957
24.09.2017 07:09:37;neon;0;256;256;0.0417358137323;         51.3451716899872;          0.4916267395020;         51.3384127616882;          0.1707077026367;52.72800064
24.09.2017 07:09:40;neon;0;32;2048;0.0143364723877;         54.4410755634308;          3.7343158721924;         54.3948621749878;          1.2390708923340;58.97200012
24.09.2017 07:09:52;neon;0;512;128;0.268820303583;         52.8005573749542;          0.2661089897156;         52.7967073917389;          0.0929362773895;53.93600082
24.09.2017 07:10:04;neon;0;16;4096;0.00110835087755;         55.5169751644135;          7.2091684341431;         55.4262430667877;          2.3389232158661;63.47600174
24.09.2017 07:10:19;neon;0;2;32768;0.0028630301555;         80.8707427978516;         58.5214350223541;         80.1637933254242;         18.9482045173645;139.27600098
24.09.2017 07:10:32;neon;0;8;8192;0.00256030941055;         58.4452929496765;         14.0222022533417;         58.2744104862213;          4.4897885322571;73.19599915
24.09.2017 07:10:51;neon;1;128;384;0.0272803783936;        151.7860462665558;          0.7287061214447;        151.7691113948822;          0.2543523311615;153.46000671
24.09.2017 07:11:05;neon;0;4;16384;0.00171203135017;         67.5521099567413;         29.4329512119293;         67.1861884593964;          9.4871382713318;97.44799805
24.09.2017 07:11:11;neon;1;256;192;0.183383663522;        163.1450958251953;          0.4012079238892;        163.1352102756500;          0.1417479515076;164.36000061
24.09.2017 07:11:12;neon;1;512;96;0.115589297667;        151.9487507343292;          0.1999895572662;        151.9439120292664;          0.0703661441803;153.07600403
24.09.2017 07:12:17;neon;0;256;384;0.0267462852415;         76.9685676097870;          0.6978440284729;         76.9586083889008;          0.2375690937042;78.59200287
24.09.2017 07:12:38;neon;0;512;192;0.182632219474;         78.4235842227936;          0.3789174556732;         78.4183607101440;          0.1318249702454;79.73200226
24.09.2017 07:13:02;neon;1;64;1024;0.0328603223662;        200.9703030586243;          2.0018026828766;        200.9259438514709;          0.7052793502808;203.85600281
24.09.2017 07:13:02;neon;1;128;512;0.0195930788173;        203.3195133209229;          0.9990825653076;        203.2948219776154;          0.3470740318298;205.15600586
24.09.2017 07:13:06;neon;1;256;256;0.0425007079285;        200.6080224514008;          0.5123491287231;        200.5962073802948;          0.1745433807373;202.00000000
24.09.2017 07:13:15;neon;1;32;2048;0.0146301471823;        203.5534741878510;          3.7489233016968;        203.4695951938629;          1.2818295955658;208.13999939
24.09.2017 07:13:19;neon;1;512;128;0.269843030271;        198.6879589557648;          0.2547535896301;        198.6819458007812;          0.0891921520233;199.90400696
24.09.2017 07:13:25;neon;1;1;65536;0.00360302011626;        312.9228174686432;        111.9492418766022;        310.7110567092896;         36.0026357173920;424.04000854
24.09.2017 07:13:46;neon;1;16;4096;0.000854702062893;        206.6832211017609;          7.4230093955994;        206.5225036144257;          2.5109233856201;214.86799622
24.09.2017 07:14:28;neon;1;8;8192;0.00231524598636;        213.8948299884796;         14.2843947410583;        213.6068305969238;          4.6892874240875;228.77200317
24.09.2017 07:14:51;neon;0;256;512;0.0191826941008;        100.6910278797150;          1.0174148082733;        100.6774764060974;          0.3560669422150;102.58000183
24.09.2017 07:14:52;neon;0;128;1024;0.0326134540475;        100.6915185451508;          1.8806841373444;        100.6676113605499;          0.6505637168884;103.41999817
24.09.2017 07:14:54;neon;0;512;256;0.0418448347867;        100.0410537719727;          0.4792358875275;        100.0348467826843;          0.1722676753998;101.48400116
24.09.2017 07:15:17;neon;0;64;2048;0.0144489928429;        110.4370987415314;          3.8520698547363;        110.3854758739471;          1.3016641139984;115.19200134
24.09.2017 07:15:28;neon;1;4;16384;0.00147475178848;        225.4854567050934;         29.2231345176697;        224.8965506553650;          9.6907033920288;255.30799866
24.09.2017 07:15:44;neon;0;32;4096;0.000994953827524;        103.4831387996674;          7.0185935497284;        103.3920121192932;          2.3193309307098;111.27600098
24.09.2017 07:15:46;neon;1;2;32768;0.00263062866492;        257.5092296600342;         61.1141002178192;        256.2605540752411;         20.5702893733978;318.85598755
24.09.2017 07:16:39;neon;0;16;8192;0.00244653893143;        107.8509211540222;         14.6189341545105;        107.6694822311401;          4.8310427665710;123.08399963
24.09.2017 07:17:20;neon;1;256;384;0.0272803771222;        295.0730850696564;          0.7051355838776;        295.0566747188568;          0.2448501586914;296.68798828
24.09.2017 07:17:42;neon;1;512;192;0.183383662376;        296.2678020000458;          0.3769922256470;        296.2587981224060;          0.1307306289673;297.58401489
24.09.2017 07:17:58;neon;0;8;16384;0.00159832089259;        114.5052225589752;         27.6506295204163;        114.1700699329376;          8.8158371448517;142.70799255
24.09.2017 07:18:01;neon;0;2;65536;0.00371924113674;        156.5738923549652;        110.4014046192169;        155.1112511157990;         35.7287909984589;265.86401367
24.09.2017 07:18:59;neon;0;4;32768;0.0027491809887;        128.3714852333069;         55.7334251403809;        127.7119631767273;         18.0785622596741;184.19200134
24.09.2017 07:19:58;neon;0;512;384;0.0268200411968;        149.4801204204559;          0.7080969810486;        149.4707062244415;          0.2455790042877;151.07200623
24.09.2017 07:21:31;neon;1;256;512;0.0195930780942;        391.3201882839203;          0.9726920127869;        391.2983644008636;          0.3367607593536;393.27600098
24.09.2017 07:21:33;neon;1;128;1024;0.0328603216415;        391.7350587844849;          1.8613231182098;        391.6900117397308;          0.6450672149658;394.46398926
24.09.2017 07:21:35;neon;1;512;256;0.0425007072209;        392.8411448001862;          0.7248103618622;        392.8266959190369;          0.2459845542908;394.46798706
24.09.2017 07:22:05;neon;1;64;2048;0.0146301464452;        396.1557712554932;          3.9997081756592;        396.0655829906464;          1.4275395870209;401.01199341
24.09.2017 07:22:33;neon;1;32;4096;0.000854702799082;        394.2370114326477;          7.2552533149719;        394.0766525268555;          2.4687280654907;402.23199463
24.09.2017 07:23:45;neon;1;16;8192;0.00231524673062;        403.3740074634552;         15.1916799545288;        403.0584628582001;          5.2412118911743;419.29598999
24.09.2017 07:24:55;neon;0;512;512;0.0192384177579;        195.6632041931152;          0.9139096736908;        195.6511282920837;          0.3180301189423;197.46000671
24.09.2017 07:24:59;neon;0;256;1024;0.0326690149234;        197.2180116176605;          1.8667809963226;        197.1925857067108;          0.6502053737640;199.94799805
24.09.2017 07:25:35;neon;0;128;2048;0.0145052492991;        198.6684234142303;          3.6155068874359;        198.6187970638275;          1.2373993396759;203.01600647
24.09.2017 07:25:38;neon;1;8;16384;0.0014747525302;        421.0434834957123;         30.1701800823212;        420.4168910980225;         10.1821594238281;451.67199707
24.09.2017 07:26:07;neon;0;64;4096;0.000938281457294;        199.2762038707733;          7.0997545719147;        199.1854350566864;          2.3410639762878;207.17599487
24.09.2017 07:27:28;neon;1;4;32768;0.00263062940975;        441.2457411289215;         58.9519839286804;        440.0101137161255;         19.7662403583527;500.22799683
24.09.2017 07:27:29;neon;0;32;8192;0.00238965863552;        201.7671086788177;         13.8484740257263;        201.5878753662109;          4.5265476703644;216.29200745
24.09.2017 07:28:17;neon;1;2;65536;0.0036030208611;        496.7119083404541;        109.8361625671387;        494.5234444141388;         35.4516909122467;605.78802490
24.09.2017 07:29:45;neon;1;512;384;0.0272803768099;        578.7314915657043;          0.7703714370728;        578.7097313404083;          0.2768592834473;580.44000244
24.09.2017 07:29:48;neon;0;16;16384;0.00154147331081;        212.4744460582733;         30.2128500938416;        212.0866608619690;         10.0989401340485;243.13200378
24.09.2017 07:32:16;neon;0;8;32768;0.00269226088923;        223.9522736072540;         55.5500359535217;        223.2350687980652;         18.0112833976746;279.50799561
24.09.2017 07:34:22;neon;0;4;65536;0.00366228178309;        248.4344606399536;        106.7073583602905;        247.1116790771484;         34.5565316677094;354.44400024
24.09.2017 07:37:47;neon;1;512;512;0.0195930779202;        763.1050941944122;          0.9359817504883;        763.0831227302551;          0.3302524089813;764.91601562
24.09.2017 07:37:52;neon;1;256;1024;0.032860321468;        763.4940736293793;          2.1405420303345;        763.4443109035492;          0.7483525276184;766.56402588
24.09.2017 07:38:32;neon;1;128;2048;0.0146301462741;        766.1649434566498;          3.6323649883270;        766.0766637325287;          1.2680754661560;770.67199707
24.09.2017 07:39:02;neon;1;64;4096;0.000854702972522;        759.9894611835480;          7.5122230052948;        759.8154180049896;          2.6265275478363;768.21600342
24.09.2017 07:40:44;neon;1;32;8192;0.002315246909;        773.1504802703857;         14.3640007972717;        772.8367471694946;          4.8699803352356;788.29199219
24.09.2017 07:43:27;neon;1;16;16384;0.00147475271132;        780.3697671890259;         30.5092434883118;        779.7148883342743;         10.6556310653687;811.12402344
24.09.2017 07:44:26;neon;0;512;1024;0.0326967944174;        384.4260480403900;          1.8992681503296;        384.3997533321381;          0.6513509750366;387.17599487
24.09.2017 07:45:04;neon;0;256;2048;0.0145333765981;        381.1419644355774;          3.5196795463562;        381.0957674980164;          1.1946566104889;385.46798706
24.09.2017 07:46:07;neon;0;128;4096;0.000909953011578;        409.4015624523163;          7.3589227199554;        409.3027994632721;          2.5401582717896;417.48001099
24.09.2017 07:46:45;neon;1;8;32768;0.00263062958581;        804.0332386493683;         55.5738582611084;        802.9108207225800;         18.5510382652283;859.59197998
24.09.2017 07:47:35;neon;0;64;8192;0.00236121973143;        388.7365362644196;         14.6616430282593;        388.5410549640656;          4.9411742687225;404.00399780
24.09.2017 07:50:37;neon;0;32;16384;0.00151305154351;        393.0555109977722;         28.5726995468140;        392.6769244670868;          9.5378041267395;422.20800781
24.09.2017 07:50:47;neon;1;4;65536;0.00360302103421;        862.9731488227844;        112.0423996448517;        860.7708799839020;         36.8726859092712;974.59197998
24.09.2017 07:54:45;neon;0;16;32768;0.00266380196188;        412.7770385742188;         58.3349623680115;        412.0584678649902;         19.4918987751007;471.21200562
24.09.2017 08:00:10;neon;0;8;65536;0.00363380313725;        437.8529534339905;        116.1975591182709;        436.4313650131226;         39.1300659179688;553.13201904
24.09.2017 08:09:32;neon;1;512;1024;0.032860321453;       1495.4998822212219;          2.7172267436981;       1495.4463701248169;          1.0054841041565;1499.10400391
24.09.2017 08:10:03;neon;1;256;2048;0.0146301462415;       1486.9823877811432;          3.5995841026306;       1486.9000186920166;          1.2523939609528;1491.45996094
24.09.2017 08:11:21;neon;1;128;4096;0.000854702996748;       1499.5632095336914;          7.1384925842285;       1499.3962192535400;          2.4533007144928;1507.53198242
24.09.2017 08:13:00;neon;1;64;8192;0.00231524693671;       1502.8331010341644;         14.0416891574860;       1502.5178937911987;          4.8349037170410;1517.67199707
24.09.2017 08:16:38;neon;1;32;16384;0.0014747527335;       1524.4674880504608;         28.3025729656219;       1523.8699405193329;          9.6741998195648;1553.09594727
24.09.2017 08:21:58;neon;1;16;32768;0.00263062961978;       1566.0296552181244;         59.0825700759888;       1564.7419962882996;         20.4266040325165;1624.62402344
24.09.2017 08:22:35;neon;0;512;2048;0.0145474400197;        740.5111804008484;          3.6685860157013;        740.4571881294250;          1.2851343154907;744.98797607
24.09.2017 08:24:05;neon;0;256;4096;0.000895790895236;        749.7799813747406;          7.0660905838013;        749.6797847747803;          2.4617917537689;757.60400391
24.09.2017 08:25:56;neon;0;128;8192;0.00234700058347;        753.9575827121735;         14.1019816398621;        753.7765774726868;          4.8399980068207;768.46801758
24.09.2017 08:28:36;neon;1;8;65536;0.00360302107958;       1587.3886387348175;        108.3852610588074;       1585.1182823181152;         36.1225805282593;1695.12805176
24.09.2017 08:30:01;neon;0;64;16384;0.00149884116341;        764.7525348663330;         30.2844488620758;        764.3667290210724;         10.5674338340759;795.13598633
24.09.2017 08:36:01;neon;0;32;32768;0.00264957276927;        776.0838482379913;         57.8589818477631;        775.3159024715424;         19.8108599185944;834.13598633
24.09.2017 08:43:57;neon;0;16;65536;0.00361956406806;        796.3853652477264;        115.6253967285156;        794.8445086479187;         38.9059245586395;911.52001953
24.09.2017 09:11:44;neon;1;512;2048;0.0146301463063;       2937.1581349372864;          3.6793928146362;       2937.0772476196289;          1.2812836170197;2941.80810547
24.09.2017 09:13:26;neon;1;256;4096;0.000854702910883;       2945.4554750919342;          7.3493437767029;       2945.2770411968231;          2.5657901763916;2953.66406250
24.09.2017 09:15:37;neon;1;128;8192;0.0023152468649;       2958.8413202762604;         14.4162690639496;       2958.5214295387268;          5.0245554447174;2973.86010742
24.09.2017 09:20:20;neon;1;64;16384;0.0014747526877;       2981.6223700046539;         28.8035311698914;       2980.9936373233795;         10.0840008258820;3010.67211914
24.09.2017 09:27:16;neon;1;32;32768;0.00263062951674;       3008.0960516929626;         58.0203089714050;       3006.7912807464600;         20.0018379688263;3065.90405273
24.09.2017 09:36:05;neon;1;16;65536;0.00360302099112;       3009.3557810783386;        108.1600391864777;       3007.1001543998718;         36.7040631771088;3115.83203125
24.09.2017 09:37:51;neon;0;512;4096;0.000888710333624;       1449.7877871990204;          7.4880409240723;       1449.6875841617584;          2.7010910511017;1458.06005859
24.09.2017 09:40:23;neon;0;256;8192;0.00233989102323;       1464.2495026588440;         14.8321952819824;       1464.0419116020203;          5.1786575317383;1479.86401367
24.09.2017 09:45:17;neon;0;128;16384;0.00149173608059;       1461.5318002700806;         28.0075521469116;       1461.1409001350403;          9.8136568069458;1489.50805664
24.09.2017 09:52:57;neon;0;64;32768;0.00264245816156;       1474.6693129539490;         58.4515221118927;       1473.9279425144196;         20.3661997318268;1532.64404297
24.09.2017 10:03:11;neon;0;32;65536;0.00361244450507;       1501.7536964416504;        114.7389059066772;       1500.3365979194641;         39.2453792095184;1615.66394043
24.09.2017 11:13:52;neon;1;512;4096;0.000854703409477;       5746.2134463787079;          7.1167745590210;       5746.0432209968567;          2.5262854099274;5754.22021484
24.09.2017 11:16:21;neon;1;256;8192;0.00231524733777;       5734.9788827896118;         15.1491901874542;       5734.6064603328705;          5.4026303291321;5750.77978516
24.09.2017 11:21:32;neon;1;128;16384;0.00147475306393;       5738.4237201213837;         28.0986022949219;       5737.7621004581451;          9.9535372257233;5766.89599609
24.09.2017 11:30:34;neon;1;64;32768;0.00263063001811;       5788.9889855384827;         58.9670083522797;       5787.6357908248901;         20.4995844364166;5848.16406250
24.09.2017 11:42:14;neon;1;32;65536;0.00360302148052;       5816.7242114543915;        116.0929410457611;       5814.1498489379883;         40.6652460098267;5930.79589844
24.09.2017 12:05:55;neon;0;512;8192;0.00233633675836;       2951.4411854743958;         14.7746040821075;       2951.2260732650757;          5.1980071067810;2966.95190430
24.09.2017 12:11:23;neon;0;256;16384;0.00148818393513;       2953.8339679241180;         29.3372292518616;       2953.4380512237549;         10.2452163696289;2983.51611328
24.09.2017 12:21:34;neon;0;128;32768;0.00263890140172;       2991.5780034065247;         58.8551654815674;       2990.7806985378265;         20.5054130554199;3049.93188477
24.09.2017 12:33:30;neon;0;64;65536;0.00360888527715;       2950.5140311717987;        116.0492460727692;       2948.9090578556061;         40.3375022411346;3064.52807617
24.09.2017 15:17:24;neon;1;512;8192;0.0023152475771;      11465.3117594718933;         15.5541477203369;      11464.9543898105621;          5.6125137805939;11481.86816406
24.09.2017 15:24:38;neon;1;256;16384;0.00147475352345;      11556.8699755668640;         29.6776077747345;      11556.1069796085358;         10.4688296318054;11587.18359375
24.09.2017 15:36:44;neon;1;128;32768;0.00263062981365;      11641.7902443408966;         60.1172726154327;      11640.2707302570343;         21.5150661468506;11702.11621094
24.09.2017 15:49:23;neon;1;64;65536;0.00360302168597;      11626.5514287948608;        116.3609135150909;      11623.9959499835968;         41.2506978511810;11741.45996094
24.09.2017 17:02:11;neon;0;512;16384;0.00148640814682;       5815.1946322917938;         28.9472899436951;       5814.8001604080200;         10.1841862201691;5844.60009766
24.09.2017 17:16:21;neon;0;256;32768;0.00263712259526;       5908.6580111980438;         59.2891664505005;       5907.8311429023743;         20.8747587203979;5967.46777344
24.09.2017 17:29:12;neon;0;128;65536;0.00360710560574;       5869.2562870979309;        109.7267167568207;       5867.7735571861267;         38.1303410530090;5976.85205078
