# timestamp;hostname;version;nRanks;rankNo;durationAssembleBoundaryConditions;n;durationComputeMappingBetweenMeshes;n;durationInitCellml;n;durationMap;n;durationMapFinalize;n;durationMapPrepare;n;durationParaview1D;n;durationParaview1DInit;n;durationParaview1DReduction;n;durationParaview1DWrite;n;durationParaview2D;n;durationParaview2D3DInit;n;durationParaview3D;n;durationParaview3DInit;n;durationParaview3DReduction;n;durationParaview3DWrite;n;durationParaviewOutput;n;durationReadGeometry;n;durationSetRightHandSide;n;durationSetStiffnessMatrix;n;durationSolve_activationSolver;n;durationSolve_potentialFlowSolver;n;durationWriteOutput;n;durationWriteOutputParaview;n;duration_0D;n;duration_1D;n;duration_bidomain;n;duration_subdomains_xy_init;n;duration_subdomains_z_init;n;duration_total;n;duration_total_advanceTimeSpan1;n;duration_total_advanceTimeSpan2;n;duration_total_transfer12;n;duration_total_transfer21;n;activationSolver_preconditionerType;activationSolver_solverType;currentSimulationTime;dt_0D;dt_1D;dt_3D;dt_splitting;duration_subdomains_xy_n;duration_subdomains_z_n;endTime;exit;exit_signal;implicitSolver_preconditionerType;implicitSolver_solverType;memoryData;memoryPage;memoryResidentSet;memoryVirtual;meta_partitioning;nInstancesComputedGlobally;nIterations_activationSolver;nIterations_potentialFlowSolver;potentialFlowSolver_preconditionerType;potentialFlowSolver_solverType;residualNorm_activationSolver;residualNorm_potentialFlowSolver;scenarioName;totalUsertime;~nDofs;~nDofs3Dmesh;~nDofsFiber0;~nElements;~nElements3Dmesh;~nElementsFiber0;~nNodes;~nNodes3Dmesh;~nNodesFiber0;nIterationsTotal_activationSolver;nIterationsTotal_potentialFlowSolver;
2021/1/21 22:31:45;pcsgs02;opendihu 1.2, built Jan 21 2021, C++ 201402, GCC 10.2.0;1;0;0.00227787;172;9.83715;169;0.111989;169;1.01789;4225;0.0516238;25;0.00110397;25;4.96878;50;0.00293407;5;4.42402e-06;1;2.84538;25;0.0217949;50;3.45098e-05;4;0.00600552;50;0.00569396;5;3.60503e-06;1;0.00647605;25;5.00128;50;0.0257663;1;1.38283e-05;172;0.329392;172;0.0485577;25;0.00954906;1;5.00215;414;5.00195;75;1343.31;666700;497.234;300015;0.0499199;25;0.509477;1;0.179306;1;1857.53;1;1846.45;25;0.0733706;25;10.9935;25;0.00568107;25;none;cg;10.000000;3e-05;1e-05;0.4;3e-05;1;169;10;normal;;none;cg;461230080;4096;468934656;882913280;[1, 1, 1];169;72;219;none;gmres;0.033541;9.65283e-10;vc-1;1857.68;1481;1519;1481;1480;1080;1480;1481;1519;1481;1722;219;
# timestamp;hostname;version;nRanks;rankNo;durationAssembleBoundaryConditions;n;durationComputeMappingBetweenMeshes;n;durationInitCellml;n;durationMap;n;durationMapFinalize;n;durationMapPrepare;n;durationParaview1D;n;durationParaview1DInit;n;durationParaview1DReduction;n;durationParaview1DWrite;n;durationParaview2D;n;durationParaview2D3DInit;n;durationParaview3D;n;durationParaview3DInit;n;durationParaview3DReduction;n;durationParaview3DWrite;n;durationParaviewOutput;n;durationReadGeometry;n;durationSetRightHandSide;n;durationSetStiffnessMatrix;n;durationSolve_activationSolver;n;durationSolve_potentialFlowSolver;n;durationWriteOutput;n;durationWriteOutputParaview;n;duration_0D;n;duration_1D;n;duration_bidomain;n;duration_subdomains_xy_init;n;duration_subdomains_z_init;n;duration_total;n;duration_total_advanceTimeSpan1;n;duration_total_advanceTimeSpan2;n;duration_total_transfer12;n;duration_total_transfer21;n;activationSolver_preconditionerType;activationSolver_solverType;currentSimulationTime;dt_0D;dt_1D;dt_3D;dt_splitting;duration_subdomains_xy_n;duration_subdomains_z_n;endTime;exit;exit_signal;implicitSolver_preconditionerType;implicitSolver_solverType;memoryData;memoryPage;memoryResidentSet;memoryVirtual;meta_partitioning;nInstancesComputedGlobally;nIterations_activationSolver;nIterations_potentialFlowSolver;potentialFlowSolver_preconditionerType;potentialFlowSolver_solverType;residualNorm_activationSolver;residualNorm_potentialFlowSolver;scenarioName;totalUsertime;~nDofs;~nDofs3Dmesh;~nDofsFiber0;~nElements;~nElements3Dmesh;~nElementsFiber0;~nNodes;~nNodes3Dmesh;~nNodesFiber0;nIterationsTotal_activationSolver;nIterationsTotal_potentialFlowSolver;
2021/1/21 22:47:50;pcsgs02;opendihu 1.2, built Jan 21 2021, C++ 201402, GCC 10.2.0;2;0;0.00194767;172;1.9006;169;0.127032;169;0.523901;4225;0.233912;25;0.00112431;25;2.85702;50;0.00279729;5;1.0394e-05;1;1.51844;25;0.02092;50;3.8647e-05;4;0.00619915;50;0.00570768;5;5.39492e-06;1;0.00483001;25;2.88924;50;0.016431;1;1.37334e-05;172;0.199611;172;0.0305444;25;0.00556708;1;2.89014;414;2.88996;75;685.738;666700;267.924;300015;0.0339072;25;0.502065;1;0.211999;1;959.988;1;957.206;25;0.0571666;25;2.71717;25;0.00569874;25;none;cg;10.000000;3e-05;1e-05;0.4;3e-05;1;169;10;normal;;none;cg;352841728;4096;347459584;785047552;[1, 1, 2];169;73;226;none;gmres;0.0352274;8.08604e-10;vc-2;960.5;1481;1519;1481;1480;1080;1480;1481;1519;1481;1765;226;
2021/1/21 22:47:50;pcsgs02;opendihu 1.2, built Jan 21 2021, C++ 201402, GCC 10.2.0;2;1;0.00193952;172;2.06632;169;0.125712;169;0.516453;4225;0.0419243;25;0.045991;25;2.85129;50;0.00363712;5;0.000843937;1;1.5184;25;0.0196441;50;3.61321e-05;4;0.00615408;50;0.00577851;5;5.7339e-05;1;0.00483557;25;2.88331;50;0.0184569;1;1.51665e-05;172;0.199613;172;0.0305429;25;0.00556641;1;2.88423;414;2.88404;75;677.542;666700;266.142;300015;0.031597;25;0.500204;1;0.210198;1;959.988;1;957.202;25;0.05484;25;2.7254;25;0.00558904;25;none;cg;10.000000;3e-05;1e-05;0.4;3e-05;1;169;10;normal;;none;cg;358699008;4096;352858112;790900736;[1, 1, 2];169;73;226;none;gmres;0.0352274;8.08604e-10;vc-2;963.93;1481;1519;1481;1480;1080;1480;1481;1519;1481;1765;226;
# timestamp;hostname;version;nRanks;rankNo;durationAssembleBoundaryConditions;n;durationComputeMappingBetweenMeshes;n;durationInitCellml;n;durationMap;n;durationMapFinalize;n;durationMapPrepare;n;durationParaview1D;n;durationParaview1DInit;n;durationParaview1DReduction;n;durationParaview1DWrite;n;durationParaview2D;n;durationParaview2D3DInit;n;durationParaview3D;n;durationParaview3DInit;n;durationParaview3DReduction;n;durationParaview3DWrite;n;durationParaviewOutput;n;durationReadGeometry;n;durationSetRightHandSide;n;durationSetStiffnessMatrix;n;durationSolve_activationSolver;n;durationSolve_potentialFlowSolver;n;durationWriteOutput;n;durationWriteOutputParaview;n;duration_0D;n;duration_1D;n;duration_bidomain;n;duration_subdomains_xy_init;n;duration_subdomains_z_init;n;duration_total;n;duration_total_advanceTimeSpan1;n;duration_total_advanceTimeSpan2;n;duration_total_transfer12;n;duration_total_transfer21;n;activationSolver_preconditionerType;activationSolver_solverType;currentSimulationTime;dt_0D;dt_1D;dt_3D;dt_splitting;duration_subdomains_xy_n;duration_subdomains_z_n;endTime;exit;exit_signal;implicitSolver_preconditionerType;implicitSolver_solverType;memoryData;memoryPage;memoryResidentSet;memoryVirtual;meta_partitioning;nInstancesComputedGlobally;nIterations_activationSolver;nIterations_potentialFlowSolver;potentialFlowSolver_preconditionerType;potentialFlowSolver_solverType;residualNorm_activationSolver;residualNorm_potentialFlowSolver;scenarioName;totalUsertime;~nDofs;~nDofs3Dmesh;~nDofsFiber0;~nElements;~nElements3Dmesh;~nElementsFiber0;~nNodes;~nNodes3Dmesh;~nNodesFiber0;nIterationsTotal_activationSolver;nIterationsTotal_potentialFlowSolver;
2021/1/21 22:56:55;pcsgs02;opendihu 1.2, built Jan 21 2021, C++ 201402, GCC 10.2.0;4;0;0.0022103;94;0.522864;91;0.0690649;91;0.284881;2275;0.665359;25;0.000605469;25;1.3102;50;0.00077629;5;3.0374e-05;1;0.911124;25;0.0282409;50;1.82501e-05;4;0.00332825;50;0.00140046;5;5.36896e-06;1;0.0135591;25;1.34601;50;0.0554973;1;8.44186e-06;94;0.138223;94;0.0256041;25;0.00678653;1;1.34677;258;1.34661;75;382.183;666700;155.06;300015;0.0277384;25;0.272757;1;0.114939;1;540.597;1;539.023;25;0.0614651;25;1.50807;25;0.00318;25;none;cg;10.000000;3e-05;1e-05;0.4;3e-05;1;91;10;normal;;none;cg;218599424;4096;222728192;659202048;[2, 1, 2];91;75;280;none;gmres;0.0329154;8.9433e-10;vc-4;541.09;1481;1736;1481;1480;1260;1480;1481;1736;1481;1797;280;
2021/1/21 22:56:55;pcsgs02;opendihu 1.2, built Jan 21 2021, C++ 201402, GCC 10.2.0;4;1;0.00219545;81;0.587993;78;0.0597516;78;0.239751;1950;0.614257;25;0.0415489;25;95.2639;50;0.00156426;5;0.000949263;1;0.911127;25;0.0267407;50;1.8387e-05;4;0.00297785;50;0.00126087;5;5.9189e-05;1;0.0135609;25;95.2988;50;0.0603264;1;6.93731e-06;81;0.132141;81;0.025601;25;0.00679842;1;95.2996;232;95.2994;75;312.108;666700;131.223;300015;0.0277936;25;0.234241;1;0.0990497;1;540.598;1;539.021;25;0.0615;25;1.51236;25;0.00269096;25;none;cg;10.000000;3e-05;1e-05;0.4;3e-05;1;78;10;normal;;none;cg;197160960;4096;203137024;637763584;[2, 1, 2];78;75;280;none;gmres;0.0329154;8.9433e-10;vc-4;544.07;1481;1736;1480;1260;1481;1736;1797;280;
2021/1/21 22:56:55;pcsgs02;opendihu 1.2, built Jan 21 2021, C++ 201402, GCC 10.2.0;4;2;0.00220749;94;1.13664;91;0.0676847;91;0.275876;2275;0.0283039;25;0.0390864;25;1.30662;50;0.00165844;5;0.000951579;1;0.911132;25;0.026922;50;1.94898e-05;4;0.00326882;50;0.00146229;5;6.0422e-05;1;0.0135684;25;1.34228;50;0.054116;1;7.80623e-06;94;0.138235;94;0.0255972;25;0.00679852;1;1.34302;258;1.34285;75;373.449;666700;151.53;300015;0.0264586;25;0.271601;1;0.113834;1;540.597;1;539.021;25;0.0601788;25;1.51312;25;0.00311355;25;none;cg;10.000000;3e-05;1e-05;0.4;3e-05;1;91;10;normal;;none;cg;218021888;4096;222281728;658620416;[2, 1, 2];91;75;280;none;gmres;0.0329154;8.9433e-10;vc-4;544.13;1481;1736;1481;1480;1260;1480;1481;1736;1481;1797;280;
2021/1/21 22:56:55;pcsgs02;opendihu 1.2, built Jan 21 2021, C++ 201402, GCC 10.2.0;4;3;0.00219827;81;0.656095;78;0.0584195;78;0.237827;1950;0.549843;25;0.0398001;25;95.2648;50;0.00156973;5;0.000951673;1;0.911291;25;0.0267701;50;1.6692e-05;4;0.00298494;50;0.00126821;5;5.8816e-05;1;0.0137191;25;95.2998;50;0.0599627;1;6.92694e-06;81;0.132142;81;0.0256035;25;0.00679783;1;95.3006;232;95.3004;75;307.069;666700;131.014;300015;0.0268449;25;0.233042;1;0.0978567;1;540.598;1;539.022;25;0.0605833;25;1.51231;25;0.00268265;25;none;cg;10.000000;3e-05;1e-05;0.4;3e-05;1;78;10;normal;;none;cg;194363392;4096;199749632;634961920;[2, 1, 2];78;75;280;none;gmres;0.0329154;8.9433e-10;vc-4;544.13;1481;1736;1480;1260;1481;1736;1797;280;
# timestamp;hostname;version;nRanks;rankNo;durationAssembleBoundaryConditions;n;durationComputeMappingBetweenMeshes;n;durationInitCellml;n;durationMap;n;durationMapFinalize;n;durationMapPrepare;n;durationParaview1D;n;durationParaview1DInit;n;durationParaview1DReduction;n;durationParaview1DWrite;n;durationParaview2D;n;durationParaview2D3DInit;n;durationParaview3D;n;durationParaview3DInit;n;durationParaview3DReduction;n;durationParaview3DWrite;n;durationParaviewOutput;n;durationReadGeometry;n;durationSetRightHandSide;n;durationSetStiffnessMatrix;n;durationSolve_activationSolver;n;durationSolve_potentialFlowSolver;n;durationWriteOutput;n;durationWriteOutputParaview;n;duration_0D;n;duration_1D;n;duration_bidomain;n;duration_subdomains_xy_init;n;duration_subdomains_z_init;n;duration_total;n;duration_total_advanceTimeSpan1;n;duration_total_advanceTimeSpan2;n;duration_total_transfer12;n;duration_total_transfer21;n;activationSolver_preconditionerType;activationSolver_solverType;currentSimulationTime;dt_0D;dt_1D;dt_3D;dt_splitting;duration_subdomains_xy_n;duration_subdomains_z_n;endTime;exit;exit_signal;implicitSolver_preconditionerType;implicitSolver_solverType;memoryData;memoryPage;memoryResidentSet;memoryVirtual;meta_partitioning;nInstancesComputedGlobally;nIterations_activationSolver;nIterations_potentialFlowSolver;potentialFlowSolver_preconditionerType;potentialFlowSolver_solverType;residualNorm_activationSolver;residualNorm_potentialFlowSolver;scenarioName;totalUsertime;~nDofs;~nDofs3Dmesh;~nDofsFiber0;~nElements;~nElements3Dmesh;~nElementsFiber0;~nNodes;~nNodes3Dmesh;~nNodesFiber0;nIterationsTotal_activationSolver;nIterationsTotal_potentialFlowSolver;
2021/1/21 23:02:11;pcsgs02;opendihu 1.2, built Jan 21 2021, C++ 201402, GCC 10.2.0;8;0;0.00253375;52;0.199262;49;0.039602;49;0.161971;1225;0.34598;25;0.000588423;25;0.708287;25;0.000271987;3;2.2525e-05;1;0.531362;25;0.000590986;25;1.1347e-05;2;0.00140233;25;0.000477824;2;0.0;0;0.0;0;0.711446;25;0.168747;1;6.35989e-06;52;0.0971193;52;0.0325517;25;0.00873031;1;0.711969;149;0.711838;50;209.147;666700;84.9687;300015;0.0341391;25;0.156391;1;0.0664705;1;295.99;1;295.221;25;0.0342128;25;0.730926;25;0.00173619;25;none;cg;10.000000;3e-05;1e-05;0.4;3e-05;1;49;10;normal;;none;cg;141426688;4096;150499328;598798336;[2, 2, 2];49;79;343;none;gmres;0.034549;9.43542e-10;vc-8;296.34;1481;1984;1481;1480;1470;1480;1481;1984;1481;1913;343;
2021/1/21 23:02:11;pcsgs02;opendihu 1.2, built Jan 21 2021, C++ 201402, GCC 10.2.0;8;1;0.00252485;45;0.232084;42;0.0343282;42;0.135406;1050;0.309985;25;0.036445;25;51.7816;25;0.00111371;3;0.000902589;1;0.531361;25;0.000417092;25;7.88504e-06;2;0.000846178;25;0.000393504;2;0.0;0;0.0;0;51.7836;25;0.169236;1;5.29306e-06;45;0.0937815;45;0.0325991;25;0.00876639;1;51.7841;135;51.784;50;166.54;666700;71.1071;300015;0.0342173;25;0.134864;1;0.0573881;1;295.99;1;295.218;25;0.0342987;25;0.735823;25;0.00147924;25;none;cg;10.000000;3e-05;1e-05;0.4;3e-05;1;42;10;normal;;none;cg;128741376;4096;138317824;586108928;[2, 2, 2];42;79;343;none;gmres;0.034549;9.43542e-10;vc-8;312.08;1481;1984;1480;1470;1481;1984;1913;343;
2021/1/21 23:02:11;pcsgs02;opendihu 1.2, built Jan 21 2021, C++ 201402, GCC 10.2.0;8;2;0.00252344;45;0.381362;42;0.0336041;42;0.132602;1050;0.165306;25;0.0342501;25;32.7961;50;0.00112183;5;0.000906256;1;0.531337;25;0.0303604;50;1.04009e-05;4;0.00223144;50;0.000392523;5;6.09108e-06;1;0.0151722;25;32.8319;50;0.169844;1;4.09293e-06;45;0.0937704;45;0.0326;25;0.00876518;1;32.8326;160;32.8324;75;190.843;666700;71.192;300015;0.0341845;25;0.133113;1;0.056194;1;295.991;1;295.183;25;0.0707334;25;0.735399;25;0.00166557;25;none;cg;10.000000;3e-05;1e-05;0.4;3e-05;1;42;10;normal;;none;cg;130662400;4096;140881920;588029952;[2, 2, 2];42;79;343;none;gmres;0.034549;9.43542e-10;vc-8;312.13;1481;1984;1480;1470;1481;1984;1913;343;
2021/1/21 23:02:11;pcsgs02;opendihu 1.2, built Jan 21 2021, C++ 201402, GCC 10.2.0;8;3;0.00251782;39;0.324247;36;0.02953;36;0.116803;900;0.234669;25;0.0392938;25;96.749;50;0.00106917;5;0.000902634;1;0.531322;25;0.0288625;50;8.48901e-06;4;0.00217152;50;0.000377763;5;7.4052e-05;1;0.0151691;25;96.7846;50;0.168987;1;3.91225e-06;39;0.0909674;39;0.0325607;25;0.00876712;1;96.7853;148;96.7851;75;136.996;666700;60.843;300015;0.0341999;25;0.116546;1;0.0494858;1;295.992;1;295.185;25;0.0707397;25;0.734469;25;0.00138877;25;none;cg;10.000000;3e-05;1e-05;0.4;3e-05;1;36;10;normal;;none;cg;119369728;4096;129683456;576737280;[2, 2, 2];36;79;343;none;gmres;0.034549;9.43542e-10;vc-8;312.13;1481;1984;1480;1470;1481;1984;1913;343;
2021/1/21 23:02:11;pcsgs02;opendihu 1.2, built Jan 21 2021, C++ 201402, GCC 10.2.0;8;4;0.00253047;52;0.183009;49;0.0391562;49;0.159033;1225;0.335304;25;0.0339173;25;0.705443;25;0.00116657;3;0.000916194;1;0.531364;25;0.000509778;25;9.45095e-06;2;0.00101992;25;0.000473098;2;0.0;0;0.0;0;0.707861;25;0.169074;1;4.75801e-06;52;0.0971154;52;0.0325739;25;0.00876713;1;0.708334;149;0.708219;50;200.653;666700;81.5263;300015;0.0335201;25;0.156063;1;0.0661806;1;295.99;1;295.219;25;0.0335968;25;0.735196;25;0.00154412;25;none;cg;10.000000;3e-05;1e-05;0.4;3e-05;1;49;10;normal;;none;cg;141082624;4096;150269952;598446080;[2, 2, 2];49;79;343;none;gmres;0.034549;9.43542e-10;vc-8;312.08;1481;1984;1481;1480;1470;1480;1481;1984;1481;1913;343;
2021/1/21 23:02:11;pcsgs02;opendihu 1.2, built Jan 21 2021, C++ 201402, GCC 10.2.0;8;5;0.0025213;45;0.282668;42;0.0338866;42;0.134179;1050;0.262638;25;0.0345865;25;51.7818;25;0.00112302;3;0.000910054;1;0.531343;25;0.000418198;25;8.51904e-06;2;0.000852782;25;0.000398792;2;0.0;0;0.0;0;51.7838;25;0.16835;1;4.29363e-06;45;0.093789;45;0.0325843;25;0.00876588;1;51.7843;135;51.7842;50;171.756;666700;71.3182;300015;0.0336852;25;0.134488;1;0.0570036;1;295.99;1;295.218;25;0.0337713;25;0.736182;25;0.00142167;25;none;cg;10.000000;3e-05;1e-05;0.4;3e-05;1;42;10;normal;;none;cg;128163840;4096;137564160;585527296;[2, 2, 2];42;79;343;none;gmres;0.034549;9.43542e-10;vc-8;312.08;1481;1984;1480;1470;1481;1984;1913;343;
2021/1/21 23:02:11;pcsgs02;opendihu 1.2, built Jan 21 2021, C++ 201402, GCC 10.2.0;8;6;0.00252581;45;0.502665;42;0.0339597;42;0.13067;1050;0.0459056;25;0.0359709;25;32.7956;50;0.00112753;5;0.000913597;1;0.531325;25;0.0289081;50;1.00909e-05;4;0.0021763;50;0.000460262;5;7.56199e-05;1;0.0151829;25;32.8313;50;0.170886;1;4.29782e-06;45;0.0937857;45;0.0325451;25;0.00876691;1;32.8319;160;32.8318;75;191.065;666700;70.3847;300015;0.0334409;25;0.133552;1;0.0566424;1;295.991;1;295.183;25;0.0699723;25;0.736769;25;0.00163525;25;none;cg;10.000000;3e-05;1e-05;0.4;3e-05;1;42;10;normal;;none;cg;131117056;4096;141692928;588480512;[2, 2, 2];42;79;343;none;gmres;0.034549;9.43542e-10;vc-8;312.12;1481;1984;1480;1470;1481;1984;1913;343;
2021/1/21 23:02:11;pcsgs02;opendihu 1.2, built Jan 21 2021, C++ 201402, GCC 10.2.0;8;7;0.00251822;39;0.451078;36;0.0291952;36;0.116043;900;0.113087;25;0.0359358;25;96.7486;50;0.00108589;5;0.000910085;1;0.531522;25;0.0288315;50;9.16608e-06;4;0.00213993;50;0.000374674;5;7.4723e-05;1;0.0153423;25;96.7842;50;0.169533;1;3.68082e-06;39;0.0909621;39;0.0325798;25;0.00876738;1;96.7849;148;96.7847;75;137.053;666700;60.9291;300015;0.0335229;25;0.116267;1;0.0491913;1;295.992;1;295.184;25;0.0700703;25;0.735585;25;0.00145187;25;none;cg;10.000000;3e-05;1e-05;0.4;3e-05;1;36;10;normal;;none;cg;119447552;4096;130232320;576811008;[2, 2, 2];36;79;343;none;gmres;0.034549;9.43542e-10;vc-8;312.07;1481;1984;1480;1470;1481;1984;1913;343;
# timestamp;hostname;version;nRanks;rankNo;durationAssembleBoundaryConditions;n;durationComputeMappingBetweenMeshes;n;durationInitCellml;n;durationMap;n;durationMapFinalize;n;durationMapPrepare;n;durationParaview1D;n;durationParaview1DInit;n;durationParaview1DReduction;n;durationParaview1DWrite;n;durationParaview2D;n;durationParaview2D3DInit;n;durationParaview3D;n;durationParaview3DInit;n;durationParaview3DReduction;n;durationParaview3DWrite;n;durationParaviewOutput;n;durationReadGeometry;n;durationSetRightHandSide;n;durationSetStiffnessMatrix;n;durationSolve_activationSolver;n;durationSolve_potentialFlowSolver;n;durationWriteOutput;n;durationWriteOutputParaview;n;duration_0D;n;duration_1D;n;duration_bidomain;n;duration_subdomains_xy_init;n;duration_subdomains_z_init;n;duration_total;n;duration_total_advanceTimeSpan1;n;duration_total_advanceTimeSpan2;n;duration_total_transfer12;n;duration_total_transfer21;n;activationSolver_preconditionerType;activationSolver_solverType;currentSimulationTime;dt_0D;dt_1D;dt_3D;dt_splitting;duration_subdomains_xy_n;duration_subdomains_z_n;endTime;exit;exit_signal;implicitSolver_preconditionerType;implicitSolver_solverType;memoryData;memoryPage;memoryResidentSet;memoryVirtual;meta_partitioning;nInstancesComputedGlobally;nIterations_activationSolver;nIterations_potentialFlowSolver;potentialFlowSolver_preconditionerType;potentialFlowSolver_solverType;residualNorm_activationSolver;residualNorm_potentialFlowSolver;scenarioName;totalUsertime;~nDofs;~nDofs3Dmesh;~nDofsFiber0;~nElements;~nElements3Dmesh;~nElementsFiber0;~nNodes;~nNodes3Dmesh;~nNodesFiber0;nIterationsTotal_activationSolver;nIterationsTotal_potentialFlowSolver;
2021/1/21 23:05:47;pcsgs02;opendihu 1.2, built Jan 21 2021, C++ 201402, GCC 10.2.0;12;0;0.00343351;52;0.124776;49;0.046821;49;0.113849;1225;0.143036;25;0.000647653;25;0.556888;25;0.000283223;3;2.9003e-05;1;0.415139;25;0.000714293;25;1.14001e-05;2;0.00180146;25;0.000524475;2;0.0;0;0.0;0;0.560785;25;0.709991;1;5.83869e-06;52;0.0720682;52;0.0423199;25;0.00835322;1;0.561318;149;0.561175;50;146.703;666700;59.3919;300015;0.0523807;25;0.165031;1;0.0792933;1;207.425;1;206.959;25;0.0524619;25;0.411022;25;0.00160027;25;none;cg;10.000000;3e-05;1e-05;0.4;3e-05;1;49;10;normal;;none;cg;121692160;4096;134029312;595816448;[2, 2, 3];49;79;320;none;gmres;0.0302084;9.36212e-10;vc-12;207.94;1481;1984;1481;1480;1470;1480;1481;1984;1481;1891;320;
2021/1/21 23:05:47;pcsgs02;opendihu 1.2, built Jan 21 2021, C++ 201402, GCC 10.2.0;12;1;0.00342443;45;0.130042;42;0.0400214;42;0.0960662;1050;0.141783;25;0.0189816;25;41.5548;25;0.00110665;3;0.000895049;1;0.415153;25;0.000482901;25;9.21299e-06;2;0.00116461;25;0.000448971;2;0.0;0;0.0;0;41.5574;25;0.710985;1;4.39887e-06;45;0.0691544;45;0.0422832;25;0.00838845;1;41.5579;135;41.5578;50;110.287;666700;46.8745;300015;0.0523172;25;0.140923;1;0.0675533;1;207.425;1;206.957;25;0.0523995;25;0.414329;25;0.00136552;25;none;cg;10.000000;3e-05;1e-05;0.4;3e-05;1;42;10;normal;;none;cg;111730688;4096;123973632;585854976;[2, 2, 3];42;79;320;none;gmres;0.0302084;9.36212e-10;vc-12;211.81;1481;1984;1480;1470;1481;1984;1891;320;
2021/1/21 23:05:47;pcsgs02;opendihu 1.2, built Jan 21 2021, C++ 201402, GCC 10.2.0;12;2;0.00342575;45;0.185555;42;0.0399145;42;0.094681;1050;0.0906618;25;0.0174159;25;26.2376;50;0.00111652;5;0.000898113;1;0.415141;25;0.0373169;50;1.08021e-05;4;0.00267235;50;0.000436625;5;8.0599e-06;1;0.0196803;25;26.2813;50;0.71066;1;3.90259e-06;45;0.0691858;45;0.0422207;25;0.00838858;1;26.2819;160;26.2818;75;131.747;666700;48.6574;300015;0.051732;25;0.141474;1;0.0677042;1;207.427;1;206.912;25;0.0961806;25;0.416306;25;0.00169578;25;none;cg;10.000000;3e-05;1e-05;0.4;3e-05;1;42;10;normal;;none;cg;113631232;4096;126459904;587755520;[2, 2, 3];42;79;320;none;gmres;0.0302084;9.36212e-10;vc-12;211.84;1481;1984;1480;1470;1481;1984;1891;320;
2021/1/21 23:05:47;pcsgs02;opendihu 1.2, built Jan 21 2021, C++ 201402, GCC 10.2.0;12;3;0.00342297;39;0.22354;36;0.0353554;36;0.0827351;900;0.0653557;25;0.0206479;25;69.2888;50;0.00108012;5;0.000894042;1;0.415125;25;0.035565;50;9.118e-06;4;0.00251113;50;0.000425673;5;8.78649e-05;1;0.0196825;25;69.3321;50;0.711239;1;3.58757e-06;39;0.0679561;39;0.0422907;25;0.00838865;1;69.3328;148;69.3326;75;95.3369;666700;41.7171;300015;0.0521656;25;0.125002;1;0.0592149;1;207.427;1;206.912;25;0.0966037;25;0.416659;25;0.0014648;25;none;cg;10.000000;3e-05;1e-05;0.4;3e-05;1;36;10;normal;;none;cg;105160704;4096;117710848;579284992;[2, 2, 3];36;79;320;none;gmres;0.0302084;9.36212e-10;vc-12;211.84;1481;1984;1480;1470;1481;1984;1891;320;
2021/1/21 23:05:47;pcsgs02;opendihu 1.2, built Jan 21 2021, C++ 201402, GCC 10.2.0;12;4;0.0034276;52;0.0861235;49;0.0471225;49;0.115088;1225;0.175287;25;0.0173406;25;0.553942;25;0.00116057;3;0.000908451;1;0.415184;25;0.000522888;25;1.114e-05;2;0.00110177;25;0.000533481;2;0.0;0;0.0;0;0.556587;25;0.709034;1;4.91121e-06;52;0.0721005;52;0.0420812;25;0.00838862;1;0.557097;149;0.55698;50;139.297;666700;55.5192;300015;0.0435184;25;0.16516;1;0.0794588;1;207.425;1;206.955;25;0.0436041;25;0.424161;25;0.00168149;25;none;cg;10.000000;3e-05;1e-05;0.4;3e-05;1;49;10;normal;;none;cg;122081280;4096;134492160;596205568;[2, 2, 3];49;79;320;none;gmres;0.0302084;9.36212e-10;vc-12;211.83;1481;1984;1481;1480;1470;1480;1481;1984;1481;1891;320;
2021/1/21 23:05:47;pcsgs02;opendihu 1.2, built Jan 21 2021, C++ 201402, GCC 10.2.0;12;5;0.0034174;45;0.127568;42;0.0396964;42;0.0949242;1050;0.155149;25;0.0178501;25;41.5549;25;0.0011133;3;0.000899553;1;0.415176;25;0.000530268;25;8.37992e-06;2;0.00124984;25;0.000445889;2;0.0;0;0.0;0;41.5577;25;0.710926;1;4.36918e-06;45;0.0691726;45;0.0420845;25;0.00838814;1;41.5582;135;41.5581;50;116.577;666700;48.5712;300015;0.0434481;25;0.140491;1;0.0670902;1;207.425;1;206.957;25;0.0435377;25;0.422836;25;0.00137398;25;none;cg;10.000000;3e-05;1e-05;0.4;3e-05;1;42;10;normal;;none;cg;110800896;4096;123256832;584925184;[2, 2, 3];42;79;320;none;gmres;0.0302084;9.36212e-10;vc-12;211.81;1481;1984;1480;1470;1481;1984;1891;320;
2021/1/21 23:05:47;pcsgs02;opendihu 1.2, built Jan 21 2021, C++ 201402, GCC 10.2.0;12;6;0.00341938;45;0.193934;42;0.0410541;42;0.094424;1050;0.0899263;25;0.0186174;25;26.2375;50;0.00112132;5;0.000904236;1;0.415147;25;0.0356559;50;1.00092e-05;4;0.00265475;50;0.000523452;5;9.033e-05;1;0.0197119;25;26.2811;50;0.710775;1;4.33333e-06;45;0.0692316;45;0.0420861;25;0.0083891;1;26.2818;160;26.2816;75;130.713;666700;48.643;300015;0.0434371;25;0.14255;1;0.0687528;1;207.427;1;206.912;25;0.0879022;25;0.424768;25;0.00172608;25;none;cg;10.000000;3e-05;1e-05;0.4;3e-05;1;42;10;normal;;none;cg;114212864;4096;127209472;588337152;[2, 2, 3];42;79;320;none;gmres;0.0302084;9.36212e-10;vc-12;211.81;1481;1984;1480;1470;1481;1984;1891;320;
2021/1/21 23:05:47;pcsgs02;opendihu 1.2, built Jan 21 2021, C++ 201402, GCC 10.2.0;12;7;0.00341249;39;0.243741;36;0.0358651;36;0.0836938;900;0.052696;25;0.0211118;25;69.2889;50;0.00108785;5;0.000902049;1;0.41513;25;0.0355309;50;8.69017e-06;4;0.00251855;50;0.000431037;5;9.17161e-05;1;0.0196881;25;69.3322;50;0.711232;1;3.84392e-06;39;0.0679886;39;0.0420781;25;0.00838865;1;69.3328;148;69.3327;75;95.1327;666700;41.6344;300015;0.0434448;25;0.125405;1;0.0596078;1;207.427;1;206.912;25;0.0879327;25;0.425357;25;0.00149872;25;none;cg;10.000000;3e-05;1e-05;0.4;3e-05;1;36;10;normal;;none;cg;105385984;4096;118738944;579510272;[2, 2, 3];36;79;320;none;gmres;0.0302084;9.36212e-10;vc-12;211.88;1481;1984;1480;1470;1481;1984;1891;320;
2021/1/21 23:05:47;pcsgs02;opendihu 1.2, built Jan 21 2021, C++ 201402, GCC 10.2.0;12;8;0.00343455;52;0.126826;49;0.0463313;49;0.112342;1225;0.138116;25;0.0171266;25;0.553905;25;0.00117029;3;0.000914965;1;0.415185;25;0.00054272;25;1.06269e-05;2;0.00108781;25;0.000536925;2;0.0;0;0.0;0;0.556541;25;0.710775;1;4.84881e-06;52;0.0720801;52;0.042105;25;0.00838875;1;0.557057;149;0.556928;50;139.291;666700;55.7766;300015;0.043078;25;0.164564;1;0.0788681;1;207.425;1;206.955;25;0.0431627;25;0.424617;25;0.00165171;25;none;cg;10.000000;3e-05;1e-05;0.4;3e-05;1;49;10;normal;;none;cg;121126912;4096;133279744;595251200;[2, 2, 3];49;79;320;none;gmres;0.0302084;9.36212e-10;vc-12;211.85;1481;1984;1481;1480;1470;1480;1481;1984;1481;1891;320;
2021/1/21 23:05:47;pcsgs02;opendihu 1.2, built Jan 21 2021, C++ 201402, GCC 10.2.0;12;9;0.00342137;45;0.163613;42;0.0394027;42;0.0944979;1050;0.121884;25;0.0177585;25;41.5536;25;0.00111854;3;0.000906311;1;0.415143;25;0.000452628;25;7.71403e-06;2;0.000903855;25;0.000445945;2;0.0;0;0.0;0;41.5557;25;0.710716;1;4.21319e-06;45;0.0691388;45;0.0420804;25;0.00838877;1;41.5562;135;41.5561;50;115.027;666700;48.6614;300015;0.0429398;25;0.140369;1;0.0669607;1;207.425;1;206.955;25;0.0430277;25;0.425361;25;0.00136515;25;none;cg;10.000000;3e-05;1e-05;0.4;3e-05;1;42;10;normal;;none;cg;111042560;4096;123633664;585166848;[2, 2, 3];42;79;320;none;gmres;0.0302084;9.36212e-10;vc-12;211.83;1481;1984;1480;1470;1481;1984;1891;320;
2021/1/21 23:05:47;pcsgs02;opendihu 1.2, built Jan 21 2021, C++ 201402, GCC 10.2.0;12;10;0.0034215;45;0.214403;42;0.0411288;42;0.0926604;1050;0.0725714;25;0.0178003;25;26.2373;50;0.00112291;5;0.00091138;1;0.415131;25;0.0356567;50;1.1428e-05;4;0.00264812;50;0.000524033;5;9.25909e-05;1;0.0196924;25;26.2791;50;0.710613;1;4.02576e-06;45;0.0692115;45;0.0421154;25;0.00838853;1;26.2797;160;26.2795;75;129.937;666700;48.5471;300015;0.0431288;25;0.14261;1;0.0688358;1;207.427;1;206.914;25;0.0856905;25;0.425231;25;0.00178448;25;none;cg;10.000000;3e-05;1e-05;0.4;3e-05;1;42;10;normal;;none;cg;113672192;4096;126980096;587796480;[2, 2, 3];42;79;320;none;gmres;0.0302084;9.36212e-10;vc-12;211.86;1481;1984;1480;1470;1481;1984;1891;320;
2021/1/21 23:05:47;pcsgs02;opendihu 1.2, built Jan 21 2021, C++ 201402, GCC 10.2.0;12;11;0.00341515;39;0.255129;36;0.0340171;36;0.0833759;900;0.0436519;25;0.0183613;25;69.2897;50;0.00109847;5;0.000909048;1;0.415363;25;0.0355868;50;1.05208e-05;4;0.00259314;50;0.000429245;5;9.27961e-05;1;0.0198474;25;69.3313;50;0.709846;1;3.71109e-06;39;0.0679831;39;0.0420877;25;0.00838924;1;69.332;148;69.3319;75;93.7372;666700;41.562;300015;0.0429476;25;0.123647;1;0.0578561;1;207.427;1;206.915;25;0.0855253;25;0.424699;25;0.00159556;25;none;cg;10.000000;3e-05;1e-05;0.4;3e-05;1;36;10;normal;;none;cg;104681472;4096;118243328;578805760;[2, 2, 3];36;79;320;none;gmres;0.0302084;9.36212e-10;vc-12;211.9;1481;1984;1480;1470;1481;1984;1891;320;
# timestamp;hostname;version;nRanks;rankNo;durationAssembleBoundaryConditions;n;durationComputeMappingBetweenMeshes;n;durationInitCellml;n;durationMap;n;durationMapFinalize;n;durationMapPrepare;n;durationParaview1D;n;durationParaview1DInit;n;durationParaview1DReduction;n;durationParaview1DWrite;n;durationParaview2D;n;durationParaview2D3DInit;n;durationParaview3D;n;durationParaview3DInit;n;durationParaview3DReduction;n;durationParaview3DWrite;n;durationParaviewOutput;n;durationReadGeometry;n;durationSetRightHandSide;n;durationSetStiffnessMatrix;n;durationSolve_activationSolver;n;durationSolve_potentialFlowSolver;n;durationWriteOutput;n;durationWriteOutputParaview;n;duration_0D;n;duration_1D;n;duration_bidomain;n;duration_subdomains_xy_init;n;duration_subdomains_z_init;n;duration_total;n;duration_total_advanceTimeSpan1;n;duration_total_advanceTimeSpan2;n;duration_total_transfer12;n;duration_total_transfer21;n;activationSolver_preconditionerType;activationSolver_solverType;currentSimulationTime;dt_0D;dt_1D;dt_3D;dt_splitting;duration_subdomains_xy_n;duration_subdomains_z_n;endTime;exit;exit_signal;implicitSolver_preconditionerType;implicitSolver_solverType;memoryData;memoryPage;memoryResidentSet;memoryVirtual;meta_partitioning;nInstancesComputedGlobally;nIterations_activationSolver;nIterations_potentialFlowSolver;potentialFlowSolver_preconditionerType;potentialFlowSolver_solverType;residualNorm_activationSolver;residualNorm_potentialFlowSolver;scenarioName;totalUsertime;~nDofs;~nDofs3Dmesh;~nDofsFiber0;~nElements;~nElements3Dmesh;~nElementsFiber0;~nNodes;~nNodes3Dmesh;~nNodesFiber0;nIterationsTotal_activationSolver;nIterationsTotal_potentialFlowSolver;
2021/1/21 23:08:31;pcsgs02;opendihu 1.2, built Jan 21 2021, C++ 201402, GCC 10.2.0;18;0;0.00287968;38;0.108847;35;0.0352118;35;0.0879962;875;0.0766666;25;0.000322127;25;0.468914;25;0.000195347;3;4.4898e-05;1;0.352539;25;0.000563859;25;1.4614e-05;2;0.00210194;25;0.00028083;2;0.0;0;0.0;0;0.473011;25;0.142482;1;4.46709e-06;38;0.0705668;38;0.0571389;25;0.00874748;1;0.473685;121;0.473502;50;112.158;666700;44.9648;300015;0.122061;25;0.124105;1;0.0597842;1;158.273;1;157.849;25;0.122136;25;0.299299;25;0.00114046;25;none;cg;10.000000;3e-05;1e-05;0.4;3e-05;1;35;10;normal;;none;cg;100999168;4096;114151424;600260608;[3, 2, 3];35;81;347;none;gmres;0.0310611;8.99256e-10;vc-18;158.97;1481;1984;1481;1480;1470;1480;1481;1984;1481;1926;347;
2021/1/21 23:08:31;pcsgs02;opendihu 1.2, built Jan 21 2021, C++ 201402, GCC 10.2.0;18;1;0.00285962;31;0.0383682;28;0.05651;28;0.0715764;700;0.213568;25;0.0169861;25;19.125;25;0.00114414;3;0.00102603;1;0.3526;25;0.00028453;25;6.36803e-06;2;0.000691215;25;0.000215664;2;0.0;0;0.0;0;19.1266;25;0.256087;1;3.53274e-06;31;0.0753473;31;0.0569765;25;0.00876589;1;19.1271;107;19.1269;50;100.968;666700;37.499;300015;0.0609402;25;0.161552;1;0.0830952;1;158.274;1;157.844;25;0.0610257;25;0.368171;25;0.000910262;25;none;cg;10.000000;3e-05;1e-05;0.4;3e-05;1;28;10;normal;;none;cg;90181632;4096;104865792;589443072;[3, 2, 3];28;81;347;none;gmres;0.0310611;8.99256e-10;vc-18;162.1;1481;1984;1480;1470;1481;1984;1926;347;
2021/1/21 23:08:31;pcsgs02;opendihu 1.2, built Jan 21 2021, C++ 201402, GCC 10.2.0;18;2;0.00287101;31;0.10272;28;0.0282643;28;0.0685963;700;0.153998;25;0.0167481;25;24.5521;25;0.0011478;3;0.00103045;1;0.35258;25;0.000279343;25;6.04207e-06;2;0.00071354;25;0.000225071;2;0.0;0;0.0;0;24.5537;25;0.255507;1;3.43018e-06;31;0.0674754;31;0.0569764;25;0.00876674;1;24.5541;107;24.554;50;95.6305;666700;37.4215;300015;0.0594702;25;0.0989931;1;0.0475281;1;158.274;1;157.843;25;0.0595555;25;0.369674;25;0.000869292;25;none;cg;10.000000;3e-05;1e-05;0.4;3e-05;1;28;10;normal;;none;cg;90185728;4096;104239104;589447168;[3, 2, 3];28;81;347;none;gmres;0.0310611;8.99256e-10;vc-18;162.12;1481;1984;1480;1470;1481;1984;1926;347;
2021/1/21 23:08:31;pcsgs02;opendihu 1.2, built Jan 21 2021, C++ 201402, GCC 10.2.0;18;3;0.00287655;33;0.157418;30;0.0445841;30;0.0710163;750;0.0352466;25;0.0147486;25;16.6985;50;0.00117113;5;0.00102713;1;0.352608;25;0.0472074;50;7.88493e-06;4;0.00271902;50;0.000247059;5;5.94894e-06;1;0.0258529;25;16.752;50;0.153364;1;4.71016e-06;33;0.076573;33;0.0571002;25;0.00875424;1;16.7527;136;16.7525;75;101.935;666700;37.4058;300015;0.121982;25;0.157868;1;0.0748981;1;158.276;1;157.79;25;0.177395;25;0.307097;25;0.00112713;25;none;cg;10.000000;3e-05;1e-05;0.4;3e-05;1;30;10;normal;;none;cg;95891456;4096;110071808;595152896;[3, 2, 3];30;81;347;none;gmres;0.0310611;8.99256e-10;vc-18;162.11;1481;1984;1480;1470;1481;1984;1926;347;
2021/1/21 23:08:31;pcsgs02;opendihu 1.2, built Jan 21 2021, C++ 201402, GCC 10.2.0;18;4;0.00286533;27;0.053076;24;0.0244401;24;0.0623475;600;0.211389;25;0.0169735;25;44.923;50;0.00114159;5;0.00103919;1;0.352558;25;0.0455343;50;6.85209e-06;4;0.00260792;50;0.000269778;5;8.76409e-05;1;0.0258698;25;44.9763;50;0.255815;1;4.19631e-06;27;0.0658438;27;0.0569632;25;0.00875237;1;44.9769;124;44.9768;75;81.8173;666700;30.0486;300015;0.0608973;25;0.0861078;1;0.0412156;1;158.276;1;157.79;25;0.116327;25;0.368611;25;0.00092047;25;none;cg;10.000000;3e-05;1e-05;0.4;3e-05;1;24;10;normal;;none;cg;86982656;4096;102006784;586244096;[3, 2, 3];24;81;347;none;gmres;0.0310611;8.99256e-10;vc-18;162.1;1481;1984;1480;1470;1481;1984;1926;347;
2021/1/21 23:08:31;pcsgs02;opendihu 1.2, built Jan 21 2021, C++ 201402, GCC 10.2.0;18;5;0.00288109;27;0.208194;24;0.0338804;24;0.0596363;600;0.0587404;25;0.0187638;25;54.9856;50;0.00112132;5;0.00103058;1;0.352599;25;0.0456847;50;6.55313e-06;4;0.00255585;50;0.000239311;5;8.8755e-05;1;0.0258768;25;55.0372;50;0.255766;1;4.88828e-06;27;0.0727748;27;0.0569296;25;0.00875798;1;55.0378;124;55.0377;75;70.6892;666700;29.9597;300015;0.0594465;25;0.124373;1;0.0570612;1;158.276;1;157.791;25;0.113116;25;0.370139;25;0.000915259;25;none;cg;10.000000;3e-05;1e-05;0.4;3e-05;1;24;10;normal;;none;cg;87007232;4096;101662720;586268672;[3, 2, 3];24;81;347;none;gmres;0.0310611;8.99256e-10;vc-18;162.18;1481;1984;1480;1470;1481;1984;1926;347;
2021/1/21 23:08:31;pcsgs02;opendihu 1.2, built Jan 21 2021, C++ 201402, GCC 10.2.0;18;6;0.00287482;38;0.0703196;35;0.0355297;35;0.0884309;875;0.120704;25;0.0151513;25;0.463941;25;0.00118466;3;0.00103688;1;0.352591;25;0.000342034;25;6.94091e-06;2;0.000865151;25;0.000274915;2;0.0;0;0.0;0;0.466055;25;0.255878;1;3.83123e-06;38;0.0705897;38;0.0569311;25;0.00875211;1;0.466596;121;0.466448;50;111.46;666700;45.0151;300015;0.103652;25;0.124153;1;0.0598779;1;158.274;1;157.844;25;0.103737;25;0.324733;25;0.00119954;25;none;cg;10.000000;3e-05;1e-05;0.4;3e-05;1;35;10;normal;;none;cg;100970496;4096;113901568;600231936;[3, 2, 3];35;81;347;none;gmres;0.0310611;8.99256e-10;vc-18;162.08;1481;1984;1481;1480;1470;1480;1481;1984;1481;1926;347;
2021/1/21 23:08:31;pcsgs02;opendihu 1.2, built Jan 21 2021, C++ 201402, GCC 10.2.0;18;7;0.0028543;31;0.029788;28;0.0558958;28;0.0712118;700;0.224993;25;0.0159601;25;19.125;25;0.00114705;3;0.00102704;1;0.352596;25;0.000279795;25;6.03602e-06;2;0.000682571;25;0.000212852;2;0.0;0;0.0;0;19.1266;25;0.255585;1;3.45905e-06;31;0.0753798;31;0.0566619;25;0.00875199;1;19.1271;107;19.127;50;90.0905;666700;33.7748;300015;0.0595178;25;0.160982;1;0.0825253;1;158.274;1;157.844;25;0.0595984;25;0.369598;25;0.000970682;25;none;cg;10.000000;3e-05;1e-05;0.4;3e-05;1;28;10;normal;;none;cg;90464256;4096;105066496;589725696;[3, 2, 3];28;81;347;none;gmres;0.0310611;8.99256e-10;vc-18;162.11;1481;1984;1480;1470;1481;1984;1926;347;
2021/1/21 23:08:31;pcsgs02;opendihu 1.2, built Jan 21 2021, C++ 201402, GCC 10.2.0;18;8;0.00286767;31;0.0982776;28;0.0278695;28;0.0688064;700;0.160754;25;0.0157355;25;24.5521;25;0.0011802;3;0.00105969;1;0.352572;25;0.000295417;25;5.71192e-06;2;0.000703232;25;0.000223903;2;0.0;0;0.0;0;24.5537;25;0.255555;1;3.22505e-06;31;0.0674923;31;0.0566399;25;0.00876592;1;24.5542;107;24.554;50;85.3619;666700;33.7372;300015;0.0578769;25;0.0986063;1;0.0471379;1;158.274;1;157.843;25;0.0579651;25;0.371266;25;0.00090713;25;none;cg;10.000000;3e-05;1e-05;0.4;3e-05;1;28;10;normal;;none;cg;90517504;4096;104054784;589778944;[3, 2, 3];28;81;347;none;gmres;0.0310611;8.99256e-10;vc-18;162.11;1481;1984;1480;1470;1481;1984;1926;347;
2021/1/21 23:08:31;pcsgs02;opendihu 1.2, built Jan 21 2021, C++ 201402, GCC 10.2.0;18;9;0.00286086;33;0.165087;30;0.0622694;30;0.0714843;750;0.0436048;25;0.0163082;25;16.6984;50;0.0011739;5;0.00103896;1;0.352586;25;0.0456003;50;7.70902e-06;4;0.00273043;50;0.000336002;5;8.91499e-05;1;0.0258751;25;16.7521;50;0.255811;1;3.54473e-06;33;0.0765658;33;0.0569565;25;0.00876665;1;16.7528;136;16.7526;75;103.407;666700;37.3396;300015;0.103748;25;0.175418;1;0.0925833;1;158.276;1;157.79;25;0.159162;25;0.325169;25;0.00118202;25;none;cg;10.000000;3e-05;1e-05;0.4;3e-05;1;30;10;normal;;none;cg;96161792;4096;111063040;595423232;[3, 2, 3];30;81;347;none;gmres;0.0310611;8.99256e-10;vc-18;162.12;1481;1984;1480;1470;1481;1984;1926;347;
2021/1/21 23:08:31;pcsgs02;opendihu 1.2, built Jan 21 2021, C++ 201402, GCC 10.2.0;18;10;0.00286253;27;0.0454344;24;0.0249195;24;0.0618985;600;0.218735;25;0.0188791;25;44.9231;50;0.00115138;5;0.00104629;1;0.352557;25;0.0455015;50;6.86198e-06;4;0.00256823;50;0.000271584;5;8.9235e-05;1;0.0258624;25;44.9763;50;0.256103;1;2.81306e-06;27;0.0658697;27;0.0566578;25;0.00875914;1;44.9769;124;44.9768;75;82.5198;666700;30.0531;300015;0.0595444;25;0.0866551;1;0.0417564;1;158.276;1;157.79;25;0.114996;25;0.369941;25;0.000972924;25;none;cg;10.000000;3e-05;1e-05;0.4;3e-05;1;24;10;normal;;none;cg;87326720;4096;102277120;586588160;[3, 2, 3];24;81;347;none;gmres;0.0310611;8.99256e-10;vc-18;162.11;1481;1984;1480;1470;1481;1984;1926;347;
2021/1/21 23:08:31;pcsgs02;opendihu 1.2, built Jan 21 2021, C++ 201402, GCC 10.2.0;18;11;0.00285283;27;0.226866;24;0.0490083;24;0.0600893;600;0.0415773;25;0.0184146;25;54.9857;50;0.00113067;5;0.00104183;1;0.352617;25;0.0455608;50;7.0699e-06;4;0.00248969;50;0.000240241;5;9.2419e-05;1;0.0258606;25;55.0372;50;0.255996;1;4.02739e-06;27;0.0727353;27;0.0566564;25;0.00876333;1;55.0378;124;55.0377;75;72.5465;666700;30.0266;300015;0.0578582;25;0.13912;1;0.0720661;1;158.276;1;157.791;25;0.111577;25;0.371739;25;0.000974066;25;none;cg;10.000000;3e-05;1e-05;0.4;3e-05;1;24;10;normal;;none;cg;87363584;4096;101867520;586625024;[3, 2, 3];24;81;347;none;gmres;0.0310611;8.99256e-10;vc-18;162.12;1481;1984;1480;1470;1481;1984;1926;347;
2021/1/21 23:08:31;pcsgs02;opendihu 1.2, built Jan 21 2021, C++ 201402, GCC 10.2.0;18;12;0.00288055;38;0.102595;35;0.0356888;35;0.0858416;875;0.0910912;25;0.0153059;25;0.463909;25;0.00120861;3;0.00105714;1;0.352579;25;0.000343732;25;7.71799e-06;2;0.000857142;25;0.000275921;2;0.0;0;0.0;0;0.466023;25;0.144341;1;3.85684e-06;38;0.0705811;38;0.0569374;25;0.00875149;1;0.466603;121;0.466463;50;103.451;666700;41.2686;300015;0.103528;25;0.1244;1;0.0601132;1;158.274;1;157.844;25;0.103609;25;0.324854;25;0.00113308;25;none;cg;10.000000;3e-05;1e-05;0.4;3e-05;1;35;10;normal;;none;cg;100282368;4096;113782784;599543808;[3, 2, 3];35;81;347;none;gmres;0.0310611;8.99256e-10;vc-18;162.07;1481;1984;1481;1480;1470;1480;1481;1984;1481;1926;347;
2021/1/21 23:08:31;pcsgs02;opendihu 1.2, built Jan 21 2021, C++ 201402, GCC 10.2.0;18;13;0.00289084;31;0.0394369;28;0.0395125;28;0.0709015;700;0.216144;25;0.0157678;25;19.125;25;0.00116071;3;0.00104426;1;0.352595;25;0.000285924;25;6.94906e-06;2;0.000679969;25;0.000216829;2;0.0;0;0.0;0;19.1265;25;0.203418;1;5.45336e-06;31;0.075421;31;0.0566953;25;0.00876637;1;19.127;107;19.1268;50;90.8572;666700;33.6444;300015;0.0593902;25;0.144967;1;0.0662055;1;158.274;1;157.843;25;0.0594731;25;0.369807;25;0.000925226;25;none;cg;10.000000;3e-05;1e-05;0.4;3e-05;1;28;10;normal;;none;cg;89952256;4096;104435712;589213696;[3, 2, 3];28;81;347;none;gmres;0.0310611;8.99256e-10;vc-18;162.07;1481;1984;1480;1470;1481;1984;1926;347;
2021/1/21 23:08:31;pcsgs02;opendihu 1.2, built Jan 21 2021, C++ 201402, GCC 10.2.0;18;14;0.00287673;31;0.134379;28;0.0276711;28;0.0673307;700;0.126695;25;0.0153773;25;24.5521;25;0.00117369;3;0.00105324;1;0.352568;25;0.000303438;25;6.01914e-06;2;0.000694461;25;0.000230112;2;0.0;0;0.0;0;24.5536;25;0.255587;1;3.6906e-06;31;0.0674873;31;0.0566554;25;0.00876637;1;24.5541;107;24.554;50;84.5265;666700;33.7571;300015;0.0576893;25;0.0985282;1;0.0470665;1;158.274;1;157.843;25;0.0577743;25;0.371493;25;0.000906337;25;none;cg;10.000000;3e-05;1e-05;0.4;3e-05;1;28;10;normal;;none;cg;90013696;4096;103641088;589275136;[3, 2, 3];28;81;347;none;gmres;0.0310611;8.99256e-10;vc-18;162.13;1481;1984;1480;1470;1481;1984;1926;347;
2021/1/21 23:08:31;pcsgs02;opendihu 1.2, built Jan 21 2021, C++ 201402, GCC 10.2.0;18;15;0.00288696;33;0.184219;30;0.0439378;30;0.0700596;750;0.0269749;25;0.0157972;25;16.6984;50;0.00118986;5;0.00104804;1;0.352548;25;0.0457206;50;8.79401e-06;4;0.00267809;50;0.000336699;5;9.2512e-05;1;0.0258563;25;16.7504;50;0.191773;1;4.99724e-06;33;0.0766018;33;0.0569217;25;0.00874744;1;16.7511;136;16.7509;75;102.281;666700;37.261;300015;0.103442;25;0.157365;1;0.0743728;1;158.275;1;157.791;25;0.157108;25;0.325378;25;0.00124813;25;none;cg;10.000000;3e-05;1e-05;0.4;3e-05;1;30;10;normal;;none;cg;95903744;4096;109461504;595165184;[3, 2, 3];30;81;347;none;gmres;0.0310611;8.99256e-10;vc-18;162.09;1481;1984;1480;1470;1481;1984;1926;347;
2021/1/21 23:08:31;pcsgs02;opendihu 1.2, built Jan 21 2021, C++ 201402, GCC 10.2.0;18;16;0.00286294;27;0.0480158;24;0.0246437;24;0.0603838;600;0.221232;25;0.0158036;25;44.923;50;0.00116547;5;0.00106014;1;0.352555;25;0.0455792;50;7.05291e-06;4;0.00249145;50;0.000275508;5;9.28481e-05;1;0.0258597;25;44.9745;50;0.151875;1;3.17139e-06;27;0.0658505;27;0.0567115;25;0.00876464;1;44.9751;124;44.975;75;80.4617;666700;30.0426;300015;0.0594044;25;0.0863668;1;0.0414716;1;158.276;1;157.791;25;0.113114;25;0.370149;25;0.0010047;25;none;cg;10.000000;3e-05;1e-05;0.4;3e-05;1;24;10;normal;;none;cg;87007232;4096;101158912;586268672;[3, 2, 3];24;81;347;none;gmres;0.0310611;8.99256e-10;vc-18;162.12;1481;1984;1480;1470;1481;1984;1926;347;
2021/1/21 23:08:31;pcsgs02;opendihu 1.2, built Jan 21 2021, C++ 201402, GCC 10.2.0;18;17;0.00286066;27;0.230717;24;0.0488823;24;0.0599025;600;0.0403924;25;0.0162639;25;54.9857;50;0.00114742;5;0.00105582;1;0.352757;25;0.0455823;50;7.55198e-06;4;0.00251217;50;0.000245413;5;9.3115e-05;1;0.0260217;25;55.0372;50;0.25614;1;2.86812e-06;27;0.0727291;27;0.0566293;25;0.00876062;1;55.0378;124;55.0377;75;70.6826;666700;29.983;300015;0.0575223;25;0.139087;1;0.0720292;1;158.276;1;157.791;25;0.111239;25;0.37206;25;0.00101608;25;none;cg;10.000000;3e-05;1e-05;0.4;3e-05;1;24;10;normal;;none;cg;87187456;4096;102240256;586448896;[3, 2, 3];24;81;347;none;gmres;0.0310611;8.99256e-10;vc-18;162.16;1481;1984;1480;1470;1481;1984;1926;347;
